post_url,linkedin_time,time_stamp,profile_link
https://www.linkedin.com/posts/mwaseemzakir_fluent-validation-in-net-ugcPost-7204792074024501248-6r8x?utm_source=share&utm_medium=member_desktop,2w,2024-06-07 10:31,https://www.linkedin.com/in/hassan-qaiser-3686b0169/
https://www.linkedin.com/feed/update/urn:li:activity:7095614513944682496?utm_source=share&utm_medium=member_desktop,10mo,2023-08-11 03:58,https://www.linkedin.com/in/hassan-qaiser-3686b0169/
https://www.linkedin.com/posts/hassan-qaiser-3686b0169_multiplepositions-activity-6981496803678425088-3eXy?utm_source=share&utm_medium=member_desktop,1yr,2022-09-30 06:15,https://www.linkedin.com/in/hassan-qaiser-3686b0169/
https://www.linkedin.com/posts/hassan-qaiser-3686b0169_im-happy-to-share-that-im-starting-a-new-activity-6954457954892812288-Hkcl?utm_source=share&utm_medium=member_desktop,1yr,2022-07-17 15:33,https://www.linkedin.com/in/hassan-qaiser-3686b0169/
https://www.linkedin.com/posts/hassan-qaiser-3686b0169_hiring-activity-6933428260483526656-QyNu?utm_source=share&utm_medium=member_desktop,2yr,2022-05-20 14:48,https://www.linkedin.com/in/hassan-qaiser-3686b0169/
https://www.linkedin.com/posts/hassan-qaiser-3686b0169_hiring-activity-6886669986627166208-Ryyl?utm_source=share&utm_medium=member_desktop,2yr,2022-01-11 14:07,https://www.linkedin.com/in/hassan-qaiser-3686b0169/
https://www.linkedin.com/posts/qualman_in-case-you-missed-it-on-last-weeks-super-activity-7203425704116441089-Uc_5?utm_source=share&utm_medium=member_desktop,2w,2024-06-03 16:02,https://www.linkedin.com/in/qualman/
https://www.linkedin.com/posts/qualman_focus-podcast-activity-7201961108025319424-8wmI?utm_source=share&utm_medium=member_desktop,3w,2024-05-30 15:02,https://www.linkedin.com/in/qualman/
https://www.linkedin.com/posts/qualman_in-case-you-missed-it-on-last-weeks-super-activity-7201715548970233857-Cs2i?utm_source=share&utm_medium=member_desktop,3w,2024-05-29 22:46,https://www.linkedin.com/in/qualman/
https://www.linkedin.com/posts/qualman_girl-suicide-rates-have-increased-by-87-activity-7199850805774999552-yAA1?utm_source=share&utm_medium=member_desktop,4w,2024-05-24 19:16,https://www.linkedin.com/in/qualman/
https://www.linkedin.com/posts/qualman_spring-comics-flowers-activity-7175879453615513600-6AFh?utm_source=share&utm_medium=member_desktop,3mo,2024-03-19 15:43,https://www.linkedin.com/in/qualman/
https://www.linkedin.com/posts/qualman_startups-leanstartups-personalbranding-activity-7174503515833135105-AOVU?utm_source=share&utm_medium=member_desktop,3mo,2024-03-15 20:35,https://www.linkedin.com/in/qualman/
https://www.linkedin.com/posts/qualman_comic-funny-busy-activity-7174426685516263426-kHPm?utm_source=share&utm_medium=member_desktop,3mo,2024-03-15 15:30,https://www.linkedin.com/in/qualman/
https://www.linkedin.com/posts/qualman_the-aba-team-is-rocking-their-erik-qualman-activity-7169359258973560833-Y6hA?utm_source=share&utm_medium=member_desktop,3mo,2024-03-01 15:54,https://www.linkedin.com/in/qualman/
https://www.linkedin.com/posts/qualman_speakinc-erik-qualman-rich-gibbons-keynote-activity-7167989969540640770-3C9V?utm_source=share&utm_medium=member_desktop,3mo,2024-02-26 21:13,https://www.linkedin.com/in/qualman/
https://www.linkedin.com/posts/qualman_msft-nvda-google-activity-7167198931414700033-kwn9?utm_source=share&utm_medium=member_desktop,3mo,2024-02-24 16:49,https://www.linkedin.com/in/qualman/
https://www.linkedin.com/posts/qualman_its-not-every-day-you-get-to-swap-stories-activity-7160474971184467968-B3SE?utm_source=share&utm_medium=member_desktop,4mo,2024-02-06 03:31,https://www.linkedin.com/in/qualman/
https://www.linkedin.com/posts/qualman_do-you-feel-your-kids-are-reading-less-activity-7137569769762758657-SdgL?utm_source=share&utm_medium=member_desktop,6mo,2023-12-04 22:34,https://www.linkedin.com/in/qualman/
https://www.linkedin.com/posts/qualman_funfacts-didyouknow-digital-activity-7126206759303569408-clAs?utm_source=share&utm_medium=member_desktop,7mo,2023-11-03 14:01,https://www.linkedin.com/in/qualman/
https://www.linkedin.com/posts/qualman_halloween-funny-meme-activity-7125149784285315072-XTPf?utm_source=share&utm_medium=member_desktop,7mo,2023-10-31 16:01,https://www.linkedin.com/in/qualman/
https://www.linkedin.com/posts/qualman_funny-halloween-meme-activity-7120861378713702400-86vt?utm_source=share&utm_medium=member_desktop,8mo,2023-10-19 20:00,https://www.linkedin.com/in/qualman/
https://www.linkedin.com/posts/qualman_industrialautomation-smartmanufacturing-siemensdigitalindustries-activity-7118651082897035264-tKyJ?utm_source=share&utm_medium=member_desktop,8mo,2023-10-13 17:37,https://www.linkedin.com/in/qualman/
https://www.linkedin.com/posts/qualman_comics-funny-activity-7118324649926504448-7W5-?utm_source=share&utm_medium=member_desktop,8mo,2023-10-12 20:00,https://www.linkedin.com/in/qualman/
https://www.linkedin.com/posts/qualman_microsoft-said-to-debut-ai-chip-next-month-activity-7116164611048935424-nw3J?utm_source=share&utm_medium=member_desktop,8mo,2023-10-06 20:57,https://www.linkedin.com/in/qualman/
https://www.linkedin.com/posts/qualman_comics-funny-activity-7114972682563055618-_Z14?utm_source=share&utm_medium=member_desktop,8mo,2023-10-03 14:01,https://www.linkedin.com/in/qualman/
https://www.linkedin.com/posts/qualman_comics-funny-activity-7114217545074671616-lTvz?utm_source=share&utm_medium=member_desktop,8mo,2023-10-01 12:00,https://www.linkedin.com/in/qualman/
https://www.linkedin.com/posts/qualman_digitalleadership-fabtech2023-activity-7107123801431187456-FQn-?utm_source=share&utm_medium=member_desktop,9mo,2023-09-11 22:12,https://www.linkedin.com/in/qualman/
https://www.linkedin.com/posts/qualman_funnycomic-funny-comic-activity-7106290253698670592-S6Uu?utm_source=share&utm_medium=member_desktop,9mo,2023-09-09 15:00,https://www.linkedin.com/in/qualman/
https://www.linkedin.com/posts/qualman_ai-weirdai-weirdthought-activity-7105641068964036608-1e0q?utm_source=share&utm_medium=member_desktop,9mo,2023-09-07 20:00,https://www.linkedin.com/in/qualman/
https://www.linkedin.com/posts/qualman_organization-funnycomic-comic-activity-7104855934346133504-i8OO?utm_source=share&utm_medium=member_desktop,9mo,2023-09-05 16:00,https://www.linkedin.com/in/qualman/
https://www.linkedin.com/posts/qualman_funnycomic-funny-comicstrip-activity-7103376251200966657-YRt_?utm_source=share&utm_medium=member_desktop,9mo,2023-09-01 14:01,https://www.linkedin.com/in/qualman/
https://www.linkedin.com/posts/qualman_were-excited-to-announce-our-keynote-speaker-activity-7103184775447793664-Lenl?utm_source=share&utm_medium=member_desktop,9mo,2023-09-01 01:20,https://www.linkedin.com/in/qualman/
https://www.linkedin.com/posts/qualman_growingup-comic-wholesome-activity-7102590900937117696-Oa6f?utm_source=share&utm_medium=member_desktop,9mo,2023-08-30 10:00,https://www.linkedin.com/in/qualman/
https://www.linkedin.com/posts/qualman_scarythoughts-aitakeover-ai-activity-7101533915353382912-Yi4o?utm_source=share&utm_medium=member_desktop,9mo,2023-08-27 12:00,https://www.linkedin.com/in/qualman/
https://www.linkedin.com/posts/qualman_something-to-think-about-activity-7100839491321438208-tKb1?utm_source=share&utm_medium=member_desktop,9mo,2023-08-25 14:01,https://www.linkedin.com/in/qualman/
https://www.linkedin.com/posts/qualman_password-lockedphone-funnycomic-activity-7100160049775304705-buMt?utm_source=share&utm_medium=member_desktop,10mo,2023-08-23 17:01,https://www.linkedin.com/in/qualman/
https://www.linkedin.com/posts/qualman_if-wookies-have-a-400-year-life-span-then-activity-7099450478316453888-vT5Y?utm_source=share&utm_medium=member_desktop,10mo,2023-08-21 18:01,https://www.linkedin.com/in/qualman/
https://www.linkedin.com/posts/qualman_ladders-funnycomic-funny-activity-7098303060380172289-HV9s?utm_source=share&utm_medium=member_desktop,10mo,2023-08-18 14:02,https://www.linkedin.com/in/qualman/
https://www.linkedin.com/posts/qualman_kindness-dogrescue-gooddeeds-activity-7097517749471510528-1OiA?utm_source=share&utm_medium=member_desktop,10mo,2023-08-16 10:01,https://www.linkedin.com/in/qualman/
https://www.linkedin.com/posts/qualman_funnycomic-pandemic-funnymeme-activity-7097034285425061888-B5i2?utm_source=share&utm_medium=member_desktop,10mo,2023-08-15 02:00,https://www.linkedin.com/in/qualman/
https://www.linkedin.com/posts/qualman_funnycomic-overdraftfees-funnymeme-activity-7096098275795075072-4nTk?utm_source=share&utm_medium=member_desktop,10mo,2023-08-12 12:01,https://www.linkedin.com/in/qualman/
https://www.linkedin.com/posts/qualman_playersplay-motivationalspeech-motivational-activity-7095101994536751104-t5GL?utm_source=share&utm_medium=member_desktop,10mo,2023-08-09 18:02,https://www.linkedin.com/in/qualman/
https://www.linkedin.com/posts/qualman_new-super-u-podcast-interview-with-ceo-and-activity-7094497575990411264-PaQN?utm_source=share&utm_medium=member_desktop,10mo,2023-08-08 02:00,https://www.linkedin.com/in/qualman/
https://www.linkedin.com/posts/qualman_to-be-an-all-star-is-to-be-the-best-of-the-activity-7092157578721308673-WZzm?utm_source=share&utm_medium=member_desktop,10mo,2023-08-01 15:02,https://www.linkedin.com/in/qualman/
https://www.linkedin.com/posts/qualman_ryanreynolds-motivationalpodcast-businesspodcast-activity-7091387089639899136-ONhF?utm_source=share&utm_medium=member_desktop,10mo,2023-07-30 12:00,https://www.linkedin.com/in/qualman/
https://www.linkedin.com/posts/qualman_success-motivationalspeech-motivation-activity-7090692736747520001-fTwU?utm_source=share&utm_medium=member_desktop,10mo,2023-07-28 14:01,https://www.linkedin.com/in/qualman/
https://www.linkedin.com/posts/qualman_didyouknow-funfact-interestingfact-activity-7089907509330640896-VeJ8?utm_source=share&utm_medium=member_desktop,10mo,2023-07-26 10:01,https://www.linkedin.com/in/qualman/
https://www.linkedin.com/posts/qualman_tupperware-funnycomic-funnypost-activity-7089606201943998464-66aQ?utm_source=share&utm_medium=member_desktop,10mo,2023-07-25 14:03,https://www.linkedin.com/in/qualman/
https://www.linkedin.com/posts/qualman_birthdayjoke-funnycomic-samebirthday-activity-7088503182598832128-PUKZ?utm_source=share&utm_medium=member_desktop,11mo,2023-07-22 13:00,https://www.linkedin.com/in/qualman/
https://www.linkedin.com/posts/qualman_digitalfootprint-digitalstamp-activity-7087778321513545728-6Fjg?utm_source=share&utm_medium=member_desktop,11mo,2023-07-20 13:00,https://www.linkedin.com/in/qualman/
https://www.linkedin.com/posts/qualman_cinderellapun-soccerjoke-funnycomic-activity-7087506656628019201-Fkwb?utm_source=share&utm_medium=member_desktop,11mo,2023-07-19 19:01,https://www.linkedin.com/in/qualman/
https://www.linkedin.com/posts/qualman_motivationalpodcast-selfdoubt-lunya-activity-7086328683958841344-xk9j?utm_source=share&utm_medium=member_desktop,11mo,2023-07-16 13:00,https://www.linkedin.com/in/qualman/
https://www.linkedin.com/posts/qualman_primeday-amazonprime-activity-7084834142336548864-aJNs?utm_source=share&utm_medium=member_desktop,11mo,2023-07-12 10:01,https://www.linkedin.com/in/qualman/
https://www.linkedin.com/posts/qualman_primeday-amazonprime-activity-7084526891902128128-8dBA?utm_source=share&utm_medium=member_desktop,11mo,2023-07-11 13:40,https://www.linkedin.com/in/qualman/
https://www.linkedin.com/posts/qualman_ai-aifunny-funnycomic-activity-7083792085065072640-h0nK?utm_source=share&utm_medium=member_desktop,11mo,2023-07-09 13:00,https://www.linkedin.com/in/qualman/
https://www.linkedin.com/posts/qualman_funnycomic-funnypun-bagelpun-activity-7083127881891000320-gcoK?utm_source=share&utm_medium=member_desktop,11mo,2023-07-07 17:01,https://www.linkedin.com/in/qualman/
https://www.linkedin.com/posts/qualman_motivation-success-teamwork-activity-7081816436192514048-XaUn?utm_source=share&utm_medium=member_desktop,11mo,2023-07-04 02:10,https://www.linkedin.com/in/qualman/
https://www.linkedin.com/posts/qualman_bugs-summerinsects-summermeme-activity-7080912983576506368-Na3M?utm_source=share&utm_medium=member_desktop,11mo,2023-07-01 14:20,https://www.linkedin.com/in/qualman/
https://www.linkedin.com/posts/qualman_facewash-funnycomic-shavedhead-activity-7079881740558733312-5SwJ?utm_source=share&utm_medium=member_desktop,11mo,2023-06-28 18:02,https://www.linkedin.com/in/qualman/
https://www.linkedin.com/posts/qualman_tvremote-trustisgone-funnycomic-activity-7078809246485655552-K3AB?utm_source=share&utm_medium=member_desktop,11mo,2023-06-25 19:00,https://www.linkedin.com/in/qualman/
https://www.linkedin.com/posts/qualman_motivationalquote-motivation-dailyreminder-activity-7077994170983878656-gbRa?utm_source=share&utm_medium=member_desktop,1yr,2023-06-23 13:01,https://www.linkedin.com/in/qualman/
https://www.linkedin.com/posts/qualman_skyscrapers-funnycomic-sandcastles-activity-7076922311546728448-dqCL?utm_source=share&utm_medium=member_desktop,1yr,2023-06-20 14:02,https://www.linkedin.com/in/qualman/
https://www.linkedin.com/posts/qualman_meme-funny-summer-activity-7076167214139150336-PVo-?utm_source=share&utm_medium=member_desktop,1yr,2023-06-18 12:02,https://www.linkedin.com/in/qualman/
https://www.linkedin.com/posts/qualman_summer-ai-artificialintelligence-activity-7075593151071064064-99f_?utm_source=share&utm_medium=member_desktop,1yr,2023-06-16 22:01,https://www.linkedin.com/in/qualman/
https://www.linkedin.com/posts/qualman_texas-bans-kids-from-social-media-without-activity-7075584798227890176-6i-l?utm_source=share&utm_medium=member_desktop,1yr,2023-06-16 21:27,https://www.linkedin.com/in/qualman/
https://www.linkedin.com/posts/qualman_ai-artificialintelligence-newtech-activity-7074913538971979777-BJOC?utm_source=share&utm_medium=member_desktop,1yr,2023-06-15 01:00,https://www.linkedin.com/in/qualman/
https://www.linkedin.com/posts/qualman_askquestions-dailyreminder-dailymotivation-activity-7073056424729186304-j8o2?utm_source=share&utm_medium=member_desktop,1yr,2023-06-09 22:01,https://www.linkedin.com/in/qualman/
https://www.linkedin.com/posts/qualman_trevornoah-motivationalspeaker-keynotespeaker-activity-7072308666086916096-VeGf?utm_source=share&utm_medium=member_desktop,1yr,2023-06-07 20:29,https://www.linkedin.com/in/qualman/
https://www.linkedin.com/posts/qualman_courage-motivationalquote-dailymotivation-activity-7071848917184761856-bpGl?utm_source=share&utm_medium=member_desktop,1yr,2023-06-06 14:02,https://www.linkedin.com/in/qualman/
https://www.linkedin.com/posts/qualman_golf-funnycomic-golfcarts-activity-7070806562822361089-GD9h?utm_source=share&utm_medium=member_desktop,1yr,2023-06-03 17:00,https://www.linkedin.com/in/qualman/
https://www.linkedin.com/posts/qualman_the-realist-form-of-self-care-is-understanding-activity-7070145787044757504-l9m0?utm_source=share&utm_medium=member_desktop,1yr,2023-06-01 21:15,https://www.linkedin.com/in/qualman/
https://www.linkedin.com/posts/qualman_lazydays-errands-adultcomedy-activity-7069190899343249408-vhPC?utm_source=share&utm_medium=member_desktop,1yr,2023-05-30 06:00,https://www.linkedin.com/in/qualman/
https://www.linkedin.com/posts/qualman_dailyreminder-youarevalued-appreciationpost-activity-7068285027276517376-38Ai?utm_source=share&utm_medium=member_desktop,1yr,2023-05-27 18:01,https://www.linkedin.com/in/qualman/
https://www.linkedin.com/posts/qualman_adulting-funnycomic-leaveearly-activity-7067469814155395073-A3yR?utm_source=share&utm_medium=member_desktop,1yr,2023-05-25 12:01,https://www.linkedin.com/in/qualman/
https://www.linkedin.com/posts/qualman_focus-focusing-activity-7067167221512339457-FLps?utm_source=share&utm_medium=member_desktop,1yr,2023-05-24 15:59,https://www.linkedin.com/in/qualman/
https://www.linkedin.com/posts/qualman_motivationalpodcast-gratitude-brenebrown-activity-7067076843694157824-Mnyx?utm_source=share&utm_medium=member_desktop,1yr,2023-05-24 10:00,https://www.linkedin.com/in/qualman/
https://www.linkedin.com/posts/qualman_householdessentials-funnymeme-adulthood-activity-7066397747070849024-rHHk?utm_source=share&utm_medium=member_desktop,1yr,2023-05-22 13:01,https://www.linkedin.com/in/qualman/
https://www.linkedin.com/posts/qualman_funnycomic-adultjoke-corporatejoke-activity-7065597247039705088-veNW?utm_source=share&utm_medium=member_desktop,1yr,2023-05-20 08:00,https://www.linkedin.com/in/qualman/
https://www.linkedin.com/posts/qualman_funnycomic-losingteam-funny-activity-7064751683716710400-7lP6?utm_source=share&utm_medium=member_desktop,1yr,2023-05-18 00:00,https://www.linkedin.com/in/qualman/
https://www.linkedin.com/posts/qualman_msu-msu-greenglasses-activity-7063969865799266305-bhim?utm_source=share&utm_medium=member_desktop,1yr,2023-05-15 20:14,https://www.linkedin.com/in/qualman/
https://www.linkedin.com/posts/qualman_mothersday-funnycomic-mothersdayfunny-activity-7063498677998256128-lUZ4?utm_source=share&utm_medium=member_desktop,1yr,2023-05-14 13:01,https://www.linkedin.com/in/qualman/
https://www.linkedin.com/posts/qualman_butterpun-butterjoke-funnypuns-activity-7062411479374839808-RqcM?utm_source=share&utm_medium=member_desktop,1yr,2023-05-11 13:01,https://www.linkedin.com/in/qualman/
https://www.linkedin.com/posts/qualman_stagepresence-funnycomic-comic-activity-7061580750952796160-MlBs?utm_source=share&utm_medium=member_desktop,1yr,2023-05-09 06:00,https://www.linkedin.com/in/qualman/
https://www.linkedin.com/posts/qualman_tiktok-government-tiktokcontroversy-activity-7061309220947701761-yVPO?utm_source=share&utm_medium=member_desktop,1yr,2023-05-08 12:01,https://www.linkedin.com/in/qualman/
https://www.linkedin.com/posts/qualman_cincodemayo-cincodemayojoke-funnycomic-activity-7060475813317521408-YU7I?utm_source=share&utm_medium=member_desktop,1yr,2023-05-06 04:50,https://www.linkedin.com/in/qualman/
https://www.linkedin.com/posts/qualman_bestselling-author-erik-qualman-to-address-activity-7060385660372733952-eCsv?utm_source=share&utm_medium=member_desktop,1yr,2023-05-05 22:51,https://www.linkedin.com/in/qualman/
https://www.linkedin.com/posts/qualman_chatgpt-ai-aitakeover-activity-7059044005241618432-Eiz0?utm_source=share&utm_medium=member_desktop,1yr,2023-05-02 06:00,https://www.linkedin.com/in/qualman/
https://www.linkedin.com/posts/qualman_shootforthemoon-motivationalquotes-inspirational-activity-7058847964428996608-xnmE?utm_source=share&utm_medium=member_desktop,1yr,2023-05-01 17:01,https://www.linkedin.com/in/qualman/
https://www.linkedin.com/posts/qualman_funnycomic-list-funnycouple-activity-7057323078946603008-z0WJ?utm_source=share&utm_medium=member_desktop,1yr,2023-04-27 12:02,https://www.linkedin.com/in/qualman/
https://www.linkedin.com/posts/qualman_chatgpt-ai-artificialintelligence-activity-7056945296513126400-kCu9?utm_source=share&utm_medium=member_desktop,1yr,2023-04-26 11:01,https://www.linkedin.com/in/qualman/
https://www.linkedin.com/posts/qualman_funnycomic-doctor-doctorfunny-activity-7056387635686100992--sZL?utm_source=share&utm_medium=member_desktop,1yr,2023-04-24 22:05,https://www.linkedin.com/in/qualman/
https://www.linkedin.com/posts/qualman_keepgoing-motivation-mission-activity-7055706943817977856-JJQP?utm_source=share&utm_medium=member_desktop,1yr,2023-04-23 01:00,https://www.linkedin.com/in/qualman/
https://www.linkedin.com/posts/qualman_worklife-careers-paychecks-activity-7054935561853132800-vpYg?utm_source=share&utm_medium=member_desktop,1yr,2023-04-20 21:55,https://www.linkedin.com/in/qualman/
https://www.linkedin.com/posts/qualman_motivationalquotes-fearless-stress-activity-7052853115150073856-aNvy?utm_source=share&utm_medium=member_desktop,1yr,2023-04-15 04:00,https://www.linkedin.com/in/qualman/
https://www.linkedin.com/posts/qualman_newscasting-funnycomic-newsmeme-activity-7051871961873842176-gt3r?utm_source=share&utm_medium=member_desktop,1yr,2023-04-12 11:01,https://www.linkedin.com/in/qualman/
https://www.linkedin.com/posts/qualman_easterjoke-easteregg-chickenjoke-activity-7050845277276041216-Gkdt?utm_source=share&utm_medium=member_desktop,1yr,2023-04-09 15:01,https://www.linkedin.com/in/qualman/
https://www.linkedin.com/posts/qualman_comicstyle-ukraine-comic-activity-7050678850929774592-OHRc?utm_source=share&utm_medium=member_desktop,1yr,2023-04-09 04:00,https://www.linkedin.com/in/qualman/
https://www.linkedin.com/posts/qualman_funnycomic-adultfunny-bossmeme-activity-7049335331740946434-O8qI?utm_source=share&utm_medium=member_desktop,1yr,2023-04-05 11:01,https://www.linkedin.com/in/qualman/
https://www.linkedin.com/posts/qualman_thoughtleader-corporatejokes-funnycomic-activity-7048641061241458688-DHhM?utm_source=share&utm_medium=member_desktop,1yr,2023-04-03 13:03,https://www.linkedin.com/in/qualman/
https://www.linkedin.com/posts/qualman_addiction-techaddiction-socialmedia-activity-7047782144919670784-tYev?utm_source=share&utm_medium=member_desktop,1yr,2023-04-01 04:10,https://www.linkedin.com/in/qualman/
https://www.linkedin.com/posts/qualman_funnycomic-funnymeme-activity-7046798666753323008-0kCW?utm_source=share&utm_medium=member_desktop,1yr,2023-03-29 11:02,https://www.linkedin.com/in/qualman/
https://www.linkedin.com/posts/qualman_mondaymemes-coffee-dailylaughs-activity-7046333047708766208-XRjD?utm_source=share&utm_medium=member_desktop,1yr,2023-03-28 04:11,https://www.linkedin.com/in/qualman/
https://www.linkedin.com/posts/qualman_adulting-funnyadult-adultfunny-activity-7045047411408347138-Ueq0?utm_source=share&utm_medium=member_desktop,1yr,2023-03-24 15:03,https://www.linkedin.com/in/qualman/
https://www.linkedin.com/posts/qualman_the-age-of-ai-has-begun-activity-7044705492937449472-FZ_O?utm_source=share&utm_medium=member_desktop,1yr,2023-03-23 16:24,https://www.linkedin.com/in/qualman/
https://www.linkedin.com/posts/qualman_motivationalquotes-dailymotivation-perseverance-activity-7044519425265319936-5E6q?utm_source=share&utm_medium=member_desktop,1yr,2023-03-23 04:05,https://www.linkedin.com/in/qualman/
https://www.linkedin.com/posts/qualman_chatgpt-ai-aiplagiarism-activity-7043929855658246144-cBzq?utm_source=share&utm_medium=member_desktop,1yr,2023-03-21 13:02,https://www.linkedin.com/in/qualman/
https://www.linkedin.com/posts/qualman_funnymeme-funnycomic-elonmusk-activity-7042781896518336512-axIh?utm_source=share&utm_medium=member_desktop,1yr,2023-03-18 09:00,https://www.linkedin.com/in/qualman/
https://www.linkedin.com/posts/qualman_for-each-msu-basketball-win-a-first-grade-activity-7042710904198598656-7X6O?utm_source=share&utm_medium=member_desktop,1yr,2023-03-18 04:18,https://www.linkedin.com/in/qualman/
https://www.linkedin.com/posts/qualman_mentalhealthawareness-support-mentalwellbeing-activity-7042211256434384896-czlv?utm_source=share&utm_medium=member_desktop,1yr,2023-03-16 19:13,https://www.linkedin.com/in/qualman/
https://www.linkedin.com/posts/qualman_the-final-four-is-not-on-the-schedule-activity-7042124148415881216-NL0P?utm_source=share&utm_medium=member_desktop,1yr,2023-03-16 13:27,https://www.linkedin.com/in/qualman/
https://www.linkedin.com/posts/qualman_piday-irrationalnumber-pidaymeme-activity-7041528659236573184-xpze?utm_source=share&utm_medium=member_desktop,1yr,2023-03-14 22:00,https://www.linkedin.com/in/qualman/
https://www.linkedin.com/posts/qualman_givegreenday-spartanstrong-spartanswill-activity-7041483391132729345-U0UH?utm_source=share&utm_medium=member_desktop,1yr,2023-03-14 19:01,https://www.linkedin.com/in/qualman/
https://www.linkedin.com/posts/qualman_givegreenday-spartanstrong-activity-7041428834801381377-umAS?utm_source=share&utm_medium=member_desktop,1yr,2023-03-14 15:24,https://www.linkedin.com/in/qualman/
https://www.linkedin.com/posts/qualman_givegreenday-spartanstrong-activity-7041392723261550592-F_CZ?utm_source=share&utm_medium=member_desktop,1yr,2023-03-14 13:00,https://www.linkedin.com/in/qualman/
https://www.linkedin.com/posts/qualman_innovation-connect-activity-7041076002822791168-eFnW?utm_source=share&utm_medium=member_desktop,1yr,2023-03-13 16:02,https://www.linkedin.com/in/qualman/
https://www.linkedin.com/posts/qualman_girl-scout-cookies-began-in-1917-members-activity-7039940680441368576-YYKe?utm_source=share&utm_medium=member_desktop,1yr,2023-03-10 12:50,https://www.linkedin.com/in/qualman/
https://www.linkedin.com/posts/qualman_socialmedia-grownup-parents-activity-7039203613667205120-VQX5?utm_source=share&utm_medium=member_desktop,1yr,2023-03-08 12:02,https://www.linkedin.com/in/qualman/
https://www.linkedin.com/posts/qualman_missedexit-funny-hardlyworking-activity-7038871574287962112-SJAD?utm_source=share&utm_medium=member_desktop,1yr,2023-03-07 14:02,https://www.linkedin.com/in/qualman/
https://www.linkedin.com/posts/qualman_motivationalquotes-patience-hardwork-activity-7038760743273467904-AZcO?utm_source=share&utm_medium=member_desktop,1yr,2023-03-07 06:42,https://www.linkedin.com/in/qualman/
https://www.linkedin.com/posts/qualman_boundaries-knowthelimit-pushthelimit-activity-7037723576883437568-9rPG?utm_source=share&utm_medium=member_desktop,1yr,2023-03-04 10:00,https://www.linkedin.com/in/qualman/
https://www.linkedin.com/posts/qualman_motivationalpodcast-unique-support-activity-7037089249116004352-R5mn?utm_source=share&utm_medium=member_desktop,1yr,2023-03-02 16:00,https://www.linkedin.com/in/qualman/
https://www.linkedin.com/posts/qualman_monthlymotivation-newyearsresolution-newyear-activity-7036666836398067712-VJGE?utm_source=share&utm_medium=member_desktop,1yr,2023-03-01 12:01,https://www.linkedin.com/in/qualman/
https://www.linkedin.com/posts/qualman_adulting-adultmeme-funny-activity-7036334927923081217-Ec1L?utm_source=share&utm_medium=member_desktop,1yr,2023-02-28 14:02,https://www.linkedin.com/in/qualman/
https://www.linkedin.com/posts/qualman_appreciationpost-thankyou-friendssupportfriends-activity-7036062881116823553-VLgP?utm_source=share&utm_medium=member_desktop,1yr,2023-02-27 20:01,https://www.linkedin.com/in/qualman/
https://www.linkedin.com/posts/qualman_i-see-people-mountain-climbing-without-ropes-activity-7035428349095137280-mFJH?utm_source=share&utm_medium=member_desktop,1yr,2023-02-26 02:00,https://www.linkedin.com/in/qualman/
https://www.linkedin.com/posts/qualman_nationalmargaritaday-tequila-margaritas-activity-7034130132336353280-63IF?utm_source=share&utm_medium=member_desktop,1yr,2023-02-22 12:01,https://www.linkedin.com/in/qualman/
https://www.linkedin.com/posts/qualman_mentalhealth-brainbreak-wellbeing-activity-7033798236444254208-5ugd?utm_source=share&utm_medium=member_desktop,1yr,2023-02-21 14:03,https://www.linkedin.com/in/qualman/
https://www.linkedin.com/posts/qualman_innovation-connect-activity-7033450605260013568-pev4?utm_source=share&utm_medium=member_desktop,1yr,2023-02-20 15:01,https://www.linkedin.com/in/qualman/
https://www.linkedin.com/posts/qualman_motivationalpodcast-war-clarissaward-activity-7033102934280216576-rTWk?utm_source=share&utm_medium=member_desktop,1yr,2023-02-19 16:00,https://www.linkedin.com/in/qualman/
https://www.linkedin.com/posts/qualman_funnycomic-elonmusk-teslacomic-activity-7032378403206946817-D559?utm_source=share&utm_medium=member_desktop,1yr,2023-02-17 16:01,https://www.linkedin.com/in/qualman/
https://www.linkedin.com/posts/qualman_spartanswill-mccombs-activity-7032355605700911105-x9hC?utm_source=share&utm_medium=member_desktop,1yr,2023-02-17 14:30,https://www.linkedin.com/in/qualman/
https://www.linkedin.com/posts/qualman_foodtrucks-foodtruck-foodie-activity-7032016698899644416-hB4w?utm_source=share&utm_medium=member_desktop,1yr,2023-02-16 16:03,https://www.linkedin.com/in/qualman/
https://www.linkedin.com/posts/qualman_humpday-meme-funny-activity-7031624012984172544-i_AM?utm_source=share&utm_medium=member_desktop,1yr,2023-02-15 14:03,https://www.linkedin.com/in/qualman/
https://www.linkedin.com/posts/qualman_newyear-newyearsmeme-activity-7030989603113222144-iXJJ?utm_source=share&utm_medium=member_desktop,1yr,2023-02-13 20:02,https://www.linkedin.com/in/qualman/
https://www.linkedin.com/posts/qualman_goals-accountability-goalsetting-activity-7030566319066411008-aYhv?utm_source=share&utm_medium=member_desktop,1yr,2023-02-12 16:00,https://www.linkedin.com/in/qualman/
https://www.linkedin.com/posts/qualman_lifejokes-life101-lifelessons-activity-7030113284695478272-QqRK?utm_source=share&utm_medium=member_desktop,1yr,2023-02-11 10:00,https://www.linkedin.com/in/qualman/
https://www.linkedin.com/posts/qualman_texas-austin-activity-7029985895730597888-FzFw?utm_source=share&utm_medium=member_desktop,1yr,2023-02-11 01:34,https://www.linkedin.com/in/qualman/
https://www.linkedin.com/posts/qualman_workload-lazydays-activity-7029480036206325761-py0q?utm_source=share&utm_medium=member_desktop,1yr,2023-02-09 16:04,https://www.linkedin.com/in/qualman/
https://www.linkedin.com/posts/qualman_mindset-motivationalpodcast-progress-activity-7029056338928275456-i_Nm?utm_source=share&utm_medium=member_desktop,1yr,2023-02-08 12:00,https://www.linkedin.com/in/qualman/
https://www.linkedin.com/posts/qualman_spilledcoffee-adulthumor-funnycomic-activity-7028724954430926848-Cka8?utm_source=share&utm_medium=member_desktop,1yr,2023-02-07 14:03,https://www.linkedin.com/in/qualman/
https://www.linkedin.com/posts/qualman_leadershipadvice-justsayno-selfmanagement-activity-7028029558926843904-huIG?utm_source=share&utm_medium=member_desktop,1yr,2023-02-05 16:00,https://www.linkedin.com/in/qualman/
https://www.linkedin.com/posts/qualman_womeninbusiness-filipino-filipinobusiness-activity-7028029528669118464-r139?utm_source=share&utm_medium=member_desktop,1yr,2023-02-05 16:00,https://www.linkedin.com/in/qualman/
https://www.linkedin.com/posts/qualman_success-dailymotivation-successmindset-activity-7027576865578000384-Qbpj?utm_source=share&utm_medium=member_desktop,1yr,2023-02-04 10:01,https://www.linkedin.com/in/qualman/
https://www.linkedin.com/posts/qualman_happygroundhogday-thefocusproject-focus-activity-7027307913471750144-BhTw?utm_source=share&utm_medium=member_desktop,1yr,2023-02-03 16:12,https://www.linkedin.com/in/qualman/
https://www.linkedin.com/posts/qualman_motivationalpodcast-focus-newyearnewme-activity-7027024833548861440-K38S?utm_source=share&utm_medium=member_desktop,1yr,2023-02-02 21:27,https://www.linkedin.com/in/qualman/
https://www.linkedin.com/posts/qualman_groundhogday-politicaljokes-politicalcomics-activity-7026979508855463937-7dB7?utm_source=share&utm_medium=member_desktop,1yr,2023-02-02 18:27,https://www.linkedin.com/in/qualman/
https://www.linkedin.com/posts/qualman_rocktars-oldrockstars-rockandroll-activity-7026943267002802176-GlOL?utm_source=share&utm_medium=member_desktop,1yr,2023-02-02 16:03,https://www.linkedin.com/in/qualman/
https://www.linkedin.com/posts/qualman_blackhistorymonth-jackierobinson-basketball-activity-7026550518919401473-6H_v?utm_source=share&utm_medium=member_desktop,1yr,2023-02-01 14:03,https://www.linkedin.com/in/qualman/
https://www.linkedin.com/posts/qualman_funny-math-mathmemes-activity-7026188301933973504-KwO0?utm_source=share&utm_medium=member_desktop,1yr,2023-01-31 14:03,https://www.linkedin.com/in/qualman/
https://www.linkedin.com/posts/qualman_throughputtraps-productivity-timemanagement-activity-7025492783058620416-P253?utm_source=share&utm_medium=member_desktop,1yr,2023-01-29 16:00,https://www.linkedin.com/in/qualman/
https://www.linkedin.com/posts/qualman_funnyjokes-takingpictures-funnypicture-activity-7025040052917309440-Llqo?utm_source=share&utm_medium=member_desktop,1yr,2023-01-28 10:01,https://www.linkedin.com/in/qualman/
https://www.linkedin.com/posts/qualman_parenting-parentrelationships-performancereview-activity-7024406406657134592-QYG0?utm_source=share&utm_medium=member_desktop,1yr,2023-01-26 16:03,https://www.linkedin.com/in/qualman/
https://www.linkedin.com/posts/qualman_nationalcomplimentday-spreadkindness-activity-7024406061155540992-9Xr6?utm_source=share&utm_medium=member_desktop,1yr,2023-01-26 16:01,https://www.linkedin.com/in/qualman/
https://www.linkedin.com/posts/qualman_burnout-motivation-determination-activity-7023651434055307265--7Qo?utm_source=share&utm_medium=member_desktop,1yr,2023-01-24 14:03,https://www.linkedin.com/in/qualman/
https://www.linkedin.com/posts/qualman_digitaltransformation-digitalleader-activity-7021899855312691200-ce8a?utm_source=share&utm_medium=member_desktop,1yr,2023-01-19 18:03,https://www.linkedin.com/in/qualman/
https://www.linkedin.com/posts/qualman_2023goals-selfconfidence-yougotthis-activity-7021114552142503936-pivm?utm_source=share&utm_medium=member_desktop,1yr,2023-01-17 14:02,https://www.linkedin.com/in/qualman/
https://www.linkedin.com/posts/qualman_neverforget-mlkday-leadership-activity-7020842614581063680-52T4?utm_source=share&utm_medium=member_desktop,1yr,2023-01-16 20:02,https://www.linkedin.com/in/qualman/
https://www.linkedin.com/posts/qualman_newyearsresolutions-accountability-activity-7019966626133405696-GpnM?utm_source=share&utm_medium=member_desktop,1yr,2023-01-14 10:01,https://www.linkedin.com/in/qualman/
https://www.linkedin.com/posts/qualman_technology-digitalleader-activity-7019387576578949120-B5_X?utm_source=share&utm_medium=member_desktop,1yr,2023-01-12 19:40,https://www.linkedin.com/in/qualman/
https://www.linkedin.com/posts/qualman_digitaltransformation-digitalleadership-focus-activity-7018940214270189570-FZTF?utm_source=share&utm_medium=member_desktop,1yr,2023-01-11 14:02,https://www.linkedin.com/in/qualman/
https://www.linkedin.com/posts/qualman_victory-resilience-keepfighting-activity-7017882939107524608-CqR2?utm_source=share&utm_medium=member_desktop,1yr,2023-01-08 16:01,https://www.linkedin.com/in/qualman/
https://www.linkedin.com/posts/qualman_motivationalpodcast-newyears-goals-activity-7017695995744423936-oCrm?utm_source=share&utm_medium=member_desktop,1yr,2023-01-08 03:38,https://www.linkedin.com/in/qualman/
https://www.linkedin.com/posts/qualman_alexa-newyears2023-christmashangover-activity-7016373081967398912-4ofT?utm_source=share&utm_medium=member_desktop,1yr,2023-01-04 12:01,https://www.linkedin.com/in/qualman/
https://www.linkedin.com/posts/qualman_christmasmeme-parentingmeme-winterbreak-activity-7015466855934947328-yhdD?utm_source=share&utm_medium=member_desktop,1yr,2023-01-02 00:00,https://www.linkedin.com/in/qualman/
https://www.linkedin.com/posts/qualman_morningpeople-morningroutine-newyearseve-activity-7015080449093906432-d2sl?utm_source=share&utm_medium=member_desktop,1yr,2022-12-31 22:25,https://www.linkedin.com/in/qualman/
https://www.linkedin.com/posts/qualman_have-a-magical-holiday-season-and-new-year-activity-7014363249219358720-Fr-0?utm_source=share&utm_medium=member_desktop,1yr,2022-12-29 22:55,https://www.linkedin.com/in/qualman/
https://www.linkedin.com/posts/qualman_perspective-businesspodcast-businessstrategies-activity-7013866291514015744-ihg2?utm_source=share&utm_medium=member_desktop,1yr,2022-12-28 14:00,https://www.linkedin.com/in/qualman/
https://www.linkedin.com/posts/qualman_happynewyear-gratitude-attitudeofgratitdue-activity-7013836322205306881-7u3Q?utm_source=share&utm_medium=member_desktop,1yr,2022-12-28 12:01,https://www.linkedin.com/in/qualman/
https://www.linkedin.com/posts/qualman_eq-emotionalintelligence-emotional-activity-7013504342750101504-gdri?utm_source=share&utm_medium=member_desktop,1yr,2022-12-27 14:02,https://www.linkedin.com/in/qualman/
https://www.linkedin.com/posts/qualman_merrychristmas-candycane-happyholidays-activity-7013232260015411200-LAh2?utm_source=share&utm_medium=member_desktop,1yr,2022-12-26 20:01,https://www.linkedin.com/in/qualman/
https://www.linkedin.com/posts/qualman_christmaswish-merrychristmas-activity-7011692595290546176-TdAg?utm_source=share&utm_medium=member_desktop,1yr,2022-12-22 14:03,https://www.linkedin.com/in/qualman/
https://www.linkedin.com/posts/qualman_motivationalpodcast-hyperconnectivity-focus-activity-7011299357144616960-9aeH?utm_source=share&utm_medium=member_desktop,1yr,2022-12-21 12:00,https://www.linkedin.com/in/qualman/
https://www.linkedin.com/posts/qualman_christmasmeme-parentingmeme-activity-7010941939885772800-2Hmb?utm_source=share&utm_medium=member_desktop,1yr,2022-12-20 12:20,https://www.linkedin.com/in/qualman/
https://www.linkedin.com/posts/qualman_a-blanket-needs-us-to-be-warm-without-us-activity-7010738085571284993-pnn_?utm_source=share&utm_medium=member_desktop,1yr,2022-12-19 22:50,https://www.linkedin.com/in/qualman/
https://www.linkedin.com/posts/qualman_christmasmeme-parentingmeme-activity-7010182124519530496-EnCm?utm_source=share&utm_medium=member_desktop,1yr,2022-12-18 10:01,https://www.linkedin.com/in/qualman/
https://www.linkedin.com/posts/qualman_superstition-funny-activity-7009834778506006528-YHxN?utm_source=share&utm_medium=member_desktop,1yr,2022-12-17 11:00,https://www.linkedin.com/in/qualman/
https://www.linkedin.com/posts/qualman_motivationalpodcast-discipline-strategy-activity-7009654657794936833-SOgW?utm_source=share&utm_medium=member_desktop,1yr,2022-12-16 23:05,https://www.linkedin.com/in/qualman/
https://www.linkedin.com/posts/qualman_motivationalpodcast-focus-properpractice-activity-7009386052440248321-wIKE?utm_source=share&utm_medium=member_desktop,1yr,2022-12-16 05:17,https://www.linkedin.com/in/qualman/
https://www.linkedin.com/posts/qualman_motivational-beerburro-twinningiswinning-activity-7009201041321656321-ExJD?utm_source=share&utm_medium=member_desktop,1yr,2022-12-15 17:02,https://www.linkedin.com/in/qualman/
https://www.linkedin.com/posts/qualman_merrychristmas-hotchocolate-hotcocoa-activity-7008430678073634817-ZDKv?utm_source=share&utm_medium=member_desktop,1yr,2022-12-13 14:01,https://www.linkedin.com/in/qualman/
https://www.linkedin.com/posts/qualman_i-interviewed-on-speakernomics-with-thom-activity-7008158679254384640-GxJi?utm_source=share&utm_medium=member_desktop,1yr,2022-12-12 20:00,https://www.linkedin.com/in/qualman/
https://www.linkedin.com/posts/qualman_keynotespeaker-motivationalspeaker-activity-7007645387100491776-YzYq?utm_source=share&utm_medium=member_desktop,1yr,2022-12-11 10:00,https://www.linkedin.com/in/qualman/
https://www.linkedin.com/posts/qualman_foodtruckmeme-funny-activity-7007026718980943872-xEax?utm_source=share&utm_medium=member_desktop,1yr,2022-12-09 17:02,https://www.linkedin.com/in/qualman/
https://www.linkedin.com/posts/qualman_christmas-meme-theoffice-activity-7006694689110192128-uMYk?utm_source=share&utm_medium=member_desktop,1yr,2022-12-08 19:03,https://www.linkedin.com/in/qualman/
https://www.linkedin.com/posts/qualman_tallpeople-shortpeople-shortjokes-activity-7005909327467229184-HCE4?utm_source=share&utm_medium=member_desktop,1yr,2022-12-06 15:02,https://www.linkedin.com/in/qualman/
https://www.linkedin.com/posts/qualman_meme-cute-activity-7005108688092884992-VU7Z?utm_source=share&utm_medium=member_desktop,1yr,2022-12-04 10:00,https://www.linkedin.com/in/qualman/
https://www.linkedin.com/posts/qualman_football-soccer-futbol-activity-7005108532274499584-Etze?utm_source=share&utm_medium=member_desktop,1yr,2022-12-04 10:00,https://www.linkedin.com/in/qualman/
https://www.linkedin.com/posts/qualman_kindness-selfhelppodcast-gooddeeds-activity-7004564909174792192-GBsT?utm_source=share&utm_medium=member_desktop,1yr,2022-12-02 22:00,https://www.linkedin.com/in/qualman/
https://www.linkedin.com/posts/qualman_schedule-your-appointment-now-activity-7004510527104184321-nWyO?utm_source=share&utm_medium=member_desktop,1yr,2022-12-02 18:24,https://www.linkedin.com/in/qualman/
https://www.linkedin.com/posts/qualman_flawsome-motivationalquotes-activity-7004097452509192192-Q_GA?utm_source=share&utm_medium=member_desktop,1yr,2022-12-01 15:02,https://www.linkedin.com/in/qualman/
https://www.linkedin.com/posts/qualman_a-supertall-skyscraper-is-coming-to-austin-activity-7003841252215451648-udJ4?utm_source=share&utm_medium=member_desktop,1yr,2022-11-30 22:04,https://www.linkedin.com/in/qualman/
https://www.linkedin.com/posts/qualman_fakenews-socialmedia-privacy-activity-7003372931279966208-C1sO?utm_source=share&utm_medium=member_desktop,1yr,2022-11-29 15:03,https://www.linkedin.com/in/qualman/
https://www.linkedin.com/posts/qualman_christmastree-christmas-christmasmeme-activity-7003155326262722560-DIhX?utm_source=share&utm_medium=member_desktop,1yr,2022-11-29 00:39,https://www.linkedin.com/in/qualman/
https://www.linkedin.com/posts/qualman_detachment-hardwork-businesspodcast-activity-7002571769324720128-mQZV?utm_source=share&utm_medium=member_desktop,1yr,2022-11-27 10:00,https://www.linkedin.com/in/qualman/
https://www.linkedin.com/posts/qualman_holidayhumor-thanksgiving-lol-activity-7002505929728425984-asFj?utm_source=share&utm_medium=member_desktop,1yr,2022-11-27 05:38,https://www.linkedin.com/in/qualman/
https://www.linkedin.com/posts/qualman_7-super-tips-fifa-world-cup-edition-activity-7002284953153523712-b--P?utm_source=share&utm_medium=member_desktop,1yr,2022-11-26 15:00,https://www.linkedin.com/in/qualman/
https://www.linkedin.com/posts/qualman_olivannewtonjohn-olivianewtonjohnpodcast-activity-7001167574864453632-hvwe?utm_source=share&utm_medium=member_desktop,1yr,2022-11-23 13:00,https://www.linkedin.com/in/qualman/
https://www.linkedin.com/posts/qualman_thanksgiving-innovation-meme-activity-7000835984191864832-8plk?utm_source=share&utm_medium=member_desktop,1yr,2022-11-22 15:02,https://www.linkedin.com/in/qualman/
https://www.linkedin.com/posts/qualman_what-do-you-call-a-turkey-the-day-after-thanksgiving-activity-7000593948901597184-m2G7?utm_source=share&utm_medium=member_desktop,1yr,2022-11-21 23:01,https://www.linkedin.com/in/qualman/
https://www.linkedin.com/posts/qualman_excited-to-be-keynoting-an-event-in-poland-activity-7000261605393412096--k91?utm_source=share&utm_medium=member_desktop,1yr,2022-11-21 01:00,https://www.linkedin.com/in/qualman/
https://www.linkedin.com/posts/qualman_happythanksgiving-thanksgivinghumor-howtocookaturkey-activity-6999687970752524288-8Iza?utm_source=share&utm_medium=member_desktop,1yr,2022-11-19 11:01,https://www.linkedin.com/in/qualman/
https://www.linkedin.com/posts/qualman_sobergeneration-history-funny-activity-6999386674384306176-sORJ?utm_source=share&utm_medium=member_desktop,1yr,2022-11-18 15:03,https://www.linkedin.com/in/qualman/
https://www.linkedin.com/posts/qualman_when-the-recipe-calls-for-the-turkey-to-chill-activity-6998299452448935938-XAPw?utm_source=share&utm_medium=member_desktop,1yr,2022-11-15 15:03,https://www.linkedin.com/in/qualman/
https://www.linkedin.com/posts/qualman_focus-focusbook-focusproject-activity-6998027259873812480--rFk?utm_source=share&utm_medium=member_desktop,1yr,2022-11-14 21:01,https://www.linkedin.com/in/qualman/
https://www.linkedin.com/posts/qualman_growthmindset-lifelonglearning-dailymotivation-activity-6997928639132565504-MRZq?utm_source=share&utm_medium=member_desktop,1yr,2022-11-14 14:30,https://www.linkedin.com/in/qualman/
https://www.linkedin.com/posts/qualman_happy-veterans-day-to-all-my-fellow-service-activity-6997225088219570176-mSTj?utm_source=share&utm_medium=member_desktop,1yr,2022-11-12 15:54,https://www.linkedin.com/in/qualman/
https://www.linkedin.com/posts/qualman_veteransday-honor-america-activity-6997000198405177344--QX9?utm_source=share&utm_medium=member_desktop,1yr,2022-11-12 01:00,https://www.linkedin.com/in/qualman/
https://www.linkedin.com/posts/qualman_businesspodcast-eq-emotionalintelligence-activity-6996094226564358144-14E0?utm_source=share&utm_medium=member_desktop,1yr,2022-11-09 13:00,https://www.linkedin.com/in/qualman/
https://www.linkedin.com/posts/qualman_focus-funny-dogs-activity-6995762775356571648-Y4Wr?utm_source=share&utm_medium=member_desktop,1yr,2022-11-08 15:03,https://www.linkedin.com/in/qualman/
https://www.linkedin.com/posts/qualman_applewatch-iphone-missingphone-activity-6995339439321333760-KCQ2?utm_source=share&utm_medium=member_desktop,1yr,2022-11-07 11:01,https://www.linkedin.com/in/qualman/
https://www.linkedin.com/posts/qualman_memetober-halloweenjokes-thisorthat-activity-6994976933977497600-ectb?utm_source=share&utm_medium=member_desktop,1yr,2022-11-06 11:01,https://www.linkedin.com/in/qualman/
https://www.linkedin.com/posts/qualman_nationalbookloversday-leadership-management-activity-6994668449322995712-cmf7?utm_source=share&utm_medium=member_desktop,1yr,2022-11-05 14:35,https://www.linkedin.com/in/qualman/
https://www.linkedin.com/posts/qualman_digitalreputation-digitalfootprint-digitalstamp-activity-6994478551307616256-EE5v?utm_source=share&utm_medium=member_desktop,1yr,2022-11-05 02:00,https://www.linkedin.com/in/qualman/
https://www.linkedin.com/posts/qualman_timemanagement-energymanagement-workmemes-activity-6993995646911332352-a-ST?utm_source=share&utm_medium=member_desktop,1yr,2022-11-03 18:01,https://www.linkedin.com/in/qualman/
https://www.linkedin.com/posts/qualman_focusproject-focusanimal-superupodcast-activity-6993542287288918016-yoGA?utm_source=share&utm_medium=member_desktop,1yr,2022-11-02 12:00,https://www.linkedin.com/in/qualman/
https://www.linkedin.com/posts/qualman_halloweenmeme-meme-candy-activity-6993282340055650304-kOQz?utm_source=share&utm_medium=member_desktop,1yr,2022-11-01 18:47,https://www.linkedin.com/in/qualman/
https://www.linkedin.com/posts/qualman_nationalauthorsday-thefocusprojet-socialnomics-activity-6993210821887623168-6iVg?utm_source=share&utm_medium=member_desktop,1yr,2022-11-01 14:03,https://www.linkedin.com/in/qualman/
https://www.linkedin.com/posts/qualman_happyhalloween-memetober-activity-6992938739756920832-YdqK?utm_source=share&utm_medium=member_desktop,1yr,2022-10-31 20:01,https://www.linkedin.com/in/qualman/
https://www.linkedin.com/posts/qualman_memetober-halloweenhumor-skeletonjokes-activity-6992425049555161088-jJr4?utm_source=share&utm_medium=member_desktop,1yr,2022-10-30 10:00,https://www.linkedin.com/in/qualman/
https://www.linkedin.com/posts/qualman_pumpkinspice-halloween-yayornay-activity-6992123370377011201-rMLq?utm_source=share&utm_medium=member_desktop,1yr,2022-10-29 14:01,https://www.linkedin.com/in/qualman/
https://www.linkedin.com/posts/qualman_romcom-paulrudd-camerondiaz-activity-6991911726011088896-stsq?utm_source=share&utm_medium=member_desktop,1yr,2022-10-29 00:00,https://www.linkedin.com/in/qualman/
https://www.linkedin.com/posts/qualman_halloween-candycorn-yayornay-activity-6991459086068330497-ly59?utm_source=share&utm_medium=member_desktop,1yr,2022-10-27 18:02,https://www.linkedin.com/in/qualman/
https://www.linkedin.com/posts/qualman_timcook-apple-digitaltransformation-activity-6990975364701335552-lEDv?utm_source=share&utm_medium=member_desktop,1yr,2022-10-26 10:00,https://www.linkedin.com/in/qualman/
https://www.linkedin.com/posts/qualman_lions-nflmeme-activity-6990743193046720512-Lli-?utm_source=share&utm_medium=member_desktop,1yr,2022-10-25 18:37,https://www.linkedin.com/in/qualman/
https://www.linkedin.com/posts/qualman_funny-meme-vr-activity-6990674216463335425-9sxF?utm_source=share&utm_medium=member_desktop,1yr,2022-10-25 14:03,https://www.linkedin.com/in/qualman/
https://www.linkedin.com/posts/qualman_gm-generalmotors-marybarra-activity-6990463778760904704-Dlpm?utm_source=share&utm_medium=member_desktop,1yr,2022-10-25 00:07,https://www.linkedin.com/in/qualman/
https://www.linkedin.com/posts/qualman_friday-tgif-funny-activity-6989888345631842305-znFB?utm_source=share&utm_medium=member_desktop,1yr,2022-10-23 10:00,https://www.linkedin.com/in/qualman/
https://www.linkedin.com/posts/qualman_meme-tgif-fridays-activity-6989374949337550848-7WlR?utm_source=share&utm_medium=member_desktop,1yr,2022-10-22 00:00,https://www.linkedin.com/in/qualman/
https://www.linkedin.com/posts/qualman_dreambig-motivation-youcandoit-activity-6988929319125344256-4zim?utm_source=share&utm_medium=member_desktop,1yr,2022-10-20 18:29,https://www.linkedin.com/in/qualman/
https://www.linkedin.com/posts/qualman_progress-linkedinlive-selfimprovement-activity-6988438742650818560-OpA4?utm_source=share&utm_medium=member_desktop,1yr,2022-10-19 10:00,https://www.linkedin.com/in/qualman/
https://www.linkedin.com/posts/qualman_meme-funny-halloween-activity-6988187876442210304-llbT?utm_source=share&utm_medium=member_desktop,1yr,2022-10-18 17:23,https://www.linkedin.com/in/qualman/
https://www.linkedin.com/posts/qualman_innovation-connect-activity-6984301468229017600-JGm2?utm_source=share&utm_medium=member_desktop,1yr,2022-10-08 00:00,https://www.linkedin.com/in/qualman/
https://www.linkedin.com/posts/qualman_inside-the-longhorns-280000-june-recruiting-activity-6977655391266471936-45DL?utm_source=share&utm_medium=member_desktop,1yr,2022-09-19 15:51,https://www.linkedin.com/in/qualman/
https://www.linkedin.com/posts/qualman_over-the-next-3-years-tiktok-and-youtube-activity-6976721463848448001-GZ1d?utm_source=share&utm_medium=member_desktop,1yr,2022-09-17 02:00,https://www.linkedin.com/in/qualman/
https://www.linkedin.com/posts/qualman_september11-godbless-activity-6974760786707574784-Zbm_?utm_source=share&utm_medium=member_desktop,1yr,2022-09-11 16:09,https://www.linkedin.com/in/qualman/
https://www.linkedin.com/posts/qualman_meta-metaverse-timcook-activity-6973643738472493056-ZklG?utm_source=share&utm_medium=member_desktop,1yr,2022-09-08 14:10,https://www.linkedin.com/in/qualman/
https://www.linkedin.com/posts/qualman_executive-leadership-humanresources-activity-6961324618494214144-JKwK?utm_source=share&utm_medium=member_desktop,1yr,2022-08-05 14:18,https://www.linkedin.com/in/qualman/
https://www.linkedin.com/posts/qualman_ranchwater-tequila-tequiladay-activity-6956926115852533760-2Wi1?utm_source=share&utm_medium=member_desktop,1yr,2022-07-24 11:00,https://www.linkedin.com/in/qualman/
https://www.linkedin.com/posts/qualman_pretty-cool-that-my-game-kittycorn-was-selected-activity-6952759803400122368-6Mj8?utm_source=share&utm_medium=member_desktop,1yr,2022-07-12 23:05,https://www.linkedin.com/in/qualman/
https://www.linkedin.com/posts/qualman_dontrush-patience-goals-activity-6951490285243707392-0OuV?utm_source=share&utm_medium=member_desktop,1yr,2022-07-09 11:00,https://www.linkedin.com/in/qualman/
https://www.linkedin.com/posts/qualman_should-ceos-of-publicly-traded-companies-activity-6950811932085936128-lhg8?utm_source=share&utm_medium=member_desktop,1yr,2022-07-07 14:05,https://www.linkedin.com/in/qualman/
https://www.linkedin.com/posts/qualman_chocolate-nationaldays-darkchocolate-activity-6950765595676086273-g-B1?utm_source=share&utm_medium=member_desktop,1yr,2022-07-07 11:00,https://www.linkedin.com/in/qualman/
https://www.linkedin.com/posts/qualman_fifa-worldcup22-activity-6950592894307115008-CiWD?utm_source=share&utm_medium=member_desktop,1yr,2022-07-06 23:34,https://www.linkedin.com/in/qualman/
https://www.linkedin.com/posts/qualman_madrespect-independence-freedom-activity-6950116484899631104-oZtd?utm_source=share&utm_medium=member_desktop,1yr,2022-07-05 16:01,https://www.linkedin.com/in/qualman/
https://www.linkedin.com/posts/qualman_energy-focus-thefocusproject-activity-6948621282112417792-YVSB?utm_source=share&utm_medium=member_desktop,1yr,2022-07-01 13:00,https://www.linkedin.com/in/qualman/
https://www.linkedin.com/posts/qualman_energy-focus-thefocusproject-activity-6948591079617179648-TzbK?utm_source=share&utm_medium=member_desktop,1yr,2022-07-01 11:00,https://www.linkedin.com/in/qualman/
https://www.linkedin.com/posts/qualman_becreative-creativity-standout-activity-6947141662829662208-rFzw?utm_source=share&utm_medium=member_desktop,1yr,2022-06-27 11:00,https://www.linkedin.com/in/qualman/
https://www.linkedin.com/posts/qualman_books-audiobooks-thefocusproject-activity-6940256284348755968-cFMM?utm_source=share&utm_medium=member_desktop,2yr,2022-06-08 11:00,https://www.linkedin.com/in/qualman/
https://www.linkedin.com/posts/qualman_erik-qualman-post-it-forward-activity-6932379679186141184-hNgR?utm_source=share&utm_medium=member_desktop,2yr,2022-05-17 17:21,https://www.linkedin.com/in/qualman/
https://www.linkedin.com/posts/qualman_netflix-nflx-equalmancomic-activity-6923329640405094401-57dW?utm_source=share&utm_medium=member_desktop,2yr,2022-04-22 18:00,https://www.linkedin.com/in/qualman/
https://www.linkedin.com/posts/qualman_development-leadershipdevelopment-activity-6919683509850681344-_DKr?utm_source=share&utm_medium=member_desktop,2yr,2022-04-12 16:31,https://www.linkedin.com/in/qualman/
https://www.linkedin.com/posts/qualman_michigan-grandrapids-activity-6918031520758702080-FZbf?utm_source=share&utm_medium=member_desktop,2yr,2022-04-08 03:07,https://www.linkedin.com/in/qualman/
https://www.linkedin.com/posts/qualman_projectmanagement-hapmo-management-activity-6915740241752424449-o80P?utm_source=share&utm_medium=member_desktop,2yr,2022-04-01 19:22,https://www.linkedin.com/in/qualman/
https://www.linkedin.com/posts/qualman_womenshistorymonth-womenrule-nativeamericanrights-activity-6914889259879440387-Z47b?utm_source=share&utm_medium=member_desktop,2yr,2022-03-30 11:01,https://www.linkedin.com/in/qualman/
https://www.linkedin.com/posts/qualman_austin-awesome-shoutout-activity-6914164440657481728-jXYy?utm_source=share&utm_medium=member_desktop,2yr,2022-03-28 11:01,https://www.linkedin.com/in/qualman/
https://www.linkedin.com/posts/qualman_stoicism-stoics-senecca-activity-6913077282018369536-z5jT?utm_source=share&utm_medium=member_desktop,2yr,2022-03-25 11:01,https://www.linkedin.com/in/qualman/
https://www.linkedin.com/posts/qualman_hope-dream-dinner-activity-6912352511018344448-QeUe?utm_source=share&utm_medium=member_desktop,2yr,2022-03-23 11:01,https://www.linkedin.com/in/qualman/
https://www.linkedin.com/posts/qualman_womenshistorymonth-genetics-biology-activity-6911627636595163136-6_zU?utm_source=share&utm_medium=member_desktop,2yr,2022-03-21 11:00,https://www.linkedin.com/in/qualman/
https://www.linkedin.com/posts/qualman_stpattysday-killingit-greenglasses-activity-6910403287468920832-KyDl?utm_source=share&utm_medium=member_desktop,2yr,2022-03-18 01:55,https://www.linkedin.com/in/qualman/
https://www.linkedin.com/posts/qualman_stpatricksday-green-greenglasses-activity-6910178169165639680-nBhq?utm_source=share&utm_medium=member_desktop,2yr,2022-03-17 11:01,https://www.linkedin.com/in/qualman/
https://www.linkedin.com/posts/qualman_disney-inspirational-quotes-activity-6909815755488284672-FcSC?utm_source=share&utm_medium=member_desktop,2yr,2022-03-16 11:00,https://www.linkedin.com/in/qualman/
https://www.linkedin.com/posts/qualman_badass-womenshistorymonth-pioneers-activity-6908381231273406464-chsi?utm_source=share&utm_medium=member_desktop,2yr,2022-03-12 12:00,https://www.linkedin.com/in/qualman/
https://www.linkedin.com/posts/qualman_focus-energymanagement-timemanagement-activity-6908019102099898369-z0VH?utm_source=share&utm_medium=member_desktop,2yr,2022-03-11 12:01,https://www.linkedin.com/in/qualman/
https://www.linkedin.com/posts/qualman_gasprices-ohno-toomuchmoney-activity-6907792882447867904-AnIp?utm_source=share&utm_medium=member_desktop,2yr,2022-03-10 21:02,https://www.linkedin.com/in/qualman/
https://www.linkedin.com/posts/qualman_personalbranding-leadership-leadershipdevelopment-activity-6907681316289327104-tx5_?utm_source=share&utm_medium=member_desktop,2yr,2022-03-10 13:39,https://www.linkedin.com/in/qualman/
https://www.linkedin.com/posts/qualman_digitalleader-goalgetter-getstarted-activity-6907656469291147264-QlZV?utm_source=share&utm_medium=member_desktop,2yr,2022-03-10 12:00,https://www.linkedin.com/in/qualman/
https://www.linkedin.com/posts/qualman_womenshistorymonth-femaleheroes-chemistry-activity-6906569476641570816-n71S?utm_source=share&utm_medium=member_desktop,2yr,2022-03-07 12:01,https://www.linkedin.com/in/qualman/
https://www.linkedin.com/posts/qualman_womenshistory-womenrule-lifechanging-activity-6904425553361727488-LqWK?utm_source=share&utm_medium=member_desktop,2yr,2022-03-01 14:02,https://www.linkedin.com/in/qualman/
https://www.linkedin.com/posts/qualman_positivity-mindset-positivethoughts-activity-6904032740920893440-qkxu?utm_source=share&utm_medium=member_desktop,2yr,2022-02-28 12:01,https://www.linkedin.com/in/qualman/
https://www.linkedin.com/posts/qualman_personalgrowth-comfortzone-greenglasses-activity-6902945376911847424-wDaM?utm_source=share&utm_medium=member_desktop,2yr,2022-02-25 12:00,https://www.linkedin.com/in/qualman/
https://www.linkedin.com/posts/qualman_superu-podcast-trevornoah-activity-6902945316715204609-RX2A?utm_source=share&utm_medium=member_desktop,2yr,2022-02-25 12:00,https://www.linkedin.com/in/qualman/
https://www.linkedin.com/posts/qualman_nationaldays-multitasking-focusproject-activity-6901858358647685120-reGK?utm_source=share&utm_medium=member_desktop,2yr,2022-02-22 12:01,https://www.linkedin.com/in/qualman/
https://www.linkedin.com/posts/qualman_blackhistorymonth-changeforthebetter-activity-6901496063170007040-Xh-X?utm_source=share&utm_medium=member_desktop,2yr,2022-02-21 12:01,https://www.linkedin.com/in/qualman/
https://www.linkedin.com/posts/qualman_funny-comic-equalmancomic-activity-6900906927841181696-rXB9?utm_source=share&utm_medium=member_desktop,2yr,2022-02-19 21:00,https://www.linkedin.com/in/qualman/
https://www.linkedin.com/posts/qualman_kindness-nationaldays-kindnessmatters-activity-6900046312142618624-cVU2?utm_source=share&utm_medium=member_desktop,2yr,2022-02-17 12:00,https://www.linkedin.com/in/qualman/
https://www.linkedin.com/posts/qualman_blackhistory-activity-6899321713608204288-h61X?utm_source=share&utm_medium=member_desktop,2yr,2022-02-15 12:01,https://www.linkedin.com/in/qualman/
https://www.linkedin.com/posts/qualman_selflove-selfcare-selfimprovement-activity-6898959218192252928-k3LS?utm_source=share&utm_medium=member_desktop,2yr,2022-02-14 12:00,https://www.linkedin.com/in/qualman/
https://www.linkedin.com/posts/qualman_superbowl-superbowllvi-cincinnati-activity-6898596681110093824-JmgM?utm_source=share&utm_medium=member_desktop,2yr,2022-02-13 12:00,https://www.linkedin.com/in/qualman/
https://www.linkedin.com/posts/qualman_yolo-livenow-selfcare-activity-6897509697784479745-roQ9?utm_source=share&utm_medium=member_desktop,2yr,2022-02-10 12:01,https://www.linkedin.com/in/qualman/
https://www.linkedin.com/posts/qualman_awesome-chocolatecake-activity-6897147318764654592-ymtu?utm_source=share&utm_medium=member_desktop,2yr,2022-02-09 12:01,https://www.linkedin.com/in/qualman/
https://www.linkedin.com/posts/qualman_atx-austin-dellmatchplay-activity-6896555668954771456-uDnN?utm_source=share&utm_medium=member_desktop,2yr,2022-02-07 20:50,https://www.linkedin.com/in/qualman/
https://www.linkedin.com/posts/qualman_blackhistory-mayaangelo-activity-6896422577527427072-h-sb?utm_source=share&utm_medium=member_desktop,2yr,2022-02-07 12:01,https://www.linkedin.com/in/qualman/
https://www.linkedin.com/posts/qualman_airlines-covidexcuse-covidjoke-activity-6896060043507101696-ixLu?utm_source=share&utm_medium=member_desktop,2yr,2022-02-06 12:00,https://www.linkedin.com/in/qualman/
https://www.linkedin.com/posts/qualman_bealight-community-kindness-activity-6895335237090369536-018K?utm_source=share&utm_medium=member_desktop,2yr,2022-02-04 12:00,https://www.linkedin.com/in/qualman/
https://www.linkedin.com/posts/qualman_showup-process-hardwork-activity-6894610691530002433-Tz_t?utm_source=share&utm_medium=member_desktop,2yr,2022-02-02 12:01,https://www.linkedin.com/in/qualman/
https://www.linkedin.com/posts/qualman_blackhistory-blackheritage-celebrate-activity-6894248125058342912-t4KL?utm_source=share&utm_medium=member_desktop,2yr,2022-02-01 12:00,https://www.linkedin.com/in/qualman/
https://www.linkedin.com/posts/qualman_guiltypleasures-consumption-superbowl-activity-6892496720899424256-9qk9?utm_source=share&utm_medium=member_desktop,2yr,2022-01-27 16:01,https://www.linkedin.com/in/qualman/
https://www.linkedin.com/posts/qualman_yolo-life-celebrate-activity-6892436291758149632-nVgT?utm_source=share&utm_medium=member_desktop,2yr,2022-01-27 12:01,https://www.linkedin.com/in/qualman/
https://www.linkedin.com/posts/qualman_female-empowerment-video-viewer-discretion-activity-6891804318417121280-ejg0?utm_source=share&utm_medium=member_desktop,2yr,2022-01-25 18:09,https://www.linkedin.com/in/qualman/
https://www.linkedin.com/posts/qualman_success-happiness-successandhappiness-activity-6891349001925394432-iDTZ?utm_source=share&utm_medium=member_desktop,2yr,2022-01-24 12:00,https://www.linkedin.com/in/qualman/
https://www.linkedin.com/posts/qualman_goals-newyearresolutions-resolutions-activity-6889205181607682049-qbxL?utm_source=share&utm_medium=member_desktop,2yr,2022-01-18 14:01,https://www.linkedin.com/in/qualman/
https://www.linkedin.com/posts/qualman_mlkday-celebrate-theking-activity-6888812578424852480-WYjx?utm_source=share&utm_medium=member_desktop,2yr,2022-01-17 12:01,https://www.linkedin.com/in/qualman/
https://www.linkedin.com/posts/qualman_disney-2022inspiration-waltdisney-activity-6887725022622879744-L1Sk?utm_source=share&utm_medium=member_desktop,2yr,2022-01-14 12:00,https://www.linkedin.com/in/qualman/
https://www.linkedin.com/posts/qualman_citylove-staycation-austin-activity-6887362668039081984-eAa7?utm_source=share&utm_medium=member_desktop,2yr,2022-01-13 12:00,https://www.linkedin.com/in/qualman/
https://www.linkedin.com/posts/qualman_still-looking-for-the-motivation-to-tackle-activity-6887000549091262464-XtM-?utm_source=share&utm_medium=member_desktop,2yr,2022-01-12 12:01,https://www.linkedin.com/in/qualman/
https://www.linkedin.com/posts/qualman_persistence-patient-river-activity-6886637964789657601-Xm8e?utm_source=share&utm_medium=member_desktop,2yr,2022-01-11 12:00,https://www.linkedin.com/in/qualman/
https://www.linkedin.com/posts/qualman_superu-podcast-shaq-activity-6886275616417599488-OwsK?utm_source=share&utm_medium=member_desktop,2yr,2022-01-10 12:00,https://www.linkedin.com/in/qualman/
https://www.linkedin.com/posts/qualman_goals-visionboard-manifest-activity-6885581067827367936-avcT?utm_source=share&utm_medium=member_desktop,2yr,2022-01-08 14:00,https://www.linkedin.com/in/qualman/
https://www.linkedin.com/posts/qualman_superheroes-bestyear-happieness-activity-6884825945795022849-QHsr?utm_source=share&utm_medium=member_desktop,2yr,2022-01-06 12:00,https://www.linkedin.com/in/qualman/
https://www.linkedin.com/posts/qualman_suicideprevention-love-youreworthit-activity-6884252290279100416-N0Oy?utm_source=share&utm_medium=member_desktop,2yr,2022-01-04 22:00,https://www.linkedin.com/in/qualman/
https://www.linkedin.com/posts/qualman_joke-lifehack-police-activity-6884101231820771328-vh0s?utm_source=share&utm_medium=member_desktop,2yr,2022-01-04 12:00,https://www.linkedin.com/in/qualman/
https://www.linkedin.com/posts/qualman_superu-podcast-davechappelle-activity-6883738717010370560-_q5r?utm_source=share&utm_medium=member_desktop,2yr,2022-01-03 12:00,https://www.linkedin.com/in/qualman/
https://www.linkedin.com/posts/qualman_instead-of-listing-out-a-million-things-to-activity-6883044309025787904-IABN?utm_source=share&utm_medium=member_desktop,2yr,2022-01-01 14:00,https://www.linkedin.com/in/qualman/
https://www.linkedin.com/posts/qualman_my-hope-is-my-book-the-focus-project-helps-activity-6882349780241039360-RNSe?utm_source=share&utm_medium=member_desktop,2yr,2021-12-30 16:00,https://www.linkedin.com/in/qualman/
https://www.linkedin.com/posts/qualman_covid19-2021tech-activity-6881806009405358080-EhT9?utm_source=share&utm_medium=member_desktop,2yr,2021-12-29 04:00,https://www.linkedin.com/in/qualman/
https://www.linkedin.com/posts/qualman_christmas-happyholidays-uglychristmassweater-activity-6880507561825697792-UJHR?utm_source=share&utm_medium=member_desktop,2yr,2021-12-25 14:00,https://www.linkedin.com/in/qualman/
https://www.linkedin.com/posts/qualman_michigan-michigangsters-michinganders-activity-6880205613205463040-zNxY?utm_source=share&utm_medium=member_desktop,2yr,2021-12-24 18:00,https://www.linkedin.com/in/qualman/
https://www.linkedin.com/posts/qualman_kittycorn-gifts-activity-6879822360179027968-UoUL?utm_source=share&utm_medium=member_desktop,2yr,2021-12-23 16:37,https://www.linkedin.com/in/qualman/
https://www.linkedin.com/posts/qualman_christmas-wine-tistheseason-activity-6879631685567283200-nsTr?utm_source=share&utm_medium=member_desktop,2yr,2021-12-23 04:00,https://www.linkedin.com/in/qualman/
https://www.linkedin.com/posts/qualman_seasonings-greetings-spice-it-up-this-holiday-activity-6878333349891600385-X6dk?utm_source=share&utm_medium=member_desktop,2yr,2021-12-19 14:01,https://www.linkedin.com/in/qualman/
https://www.linkedin.com/posts/qualman_servewell-tennis-giving-activity-6877729340789010432-yAQM?utm_source=share&utm_medium=member_desktop,2yr,2021-12-17 22:00,https://www.linkedin.com/in/qualman/
https://www.linkedin.com/posts/qualman_christmas-elf-selfie-activity-6876884094488322048-Fm9p?utm_source=share&utm_medium=member_desktop,2yr,2021-12-15 14:02,https://www.linkedin.com/in/qualman/
https://www.linkedin.com/posts/qualman_lifeadvice-quote-adventure-activity-6876732634836279296-V0J3?utm_source=share&utm_medium=member_desktop,2yr,2021-12-15 04:00,https://www.linkedin.com/in/qualman/
https://www.linkedin.com/posts/qualman_you-are-worth-more-than-the-number-of-likes-activity-6875796576225382400-JMpb?utm_source=share&utm_medium=member_desktop,2yr,2021-12-12 14:00,https://www.linkedin.com/in/qualman/
https://www.linkedin.com/posts/qualman_parentinghack-holidayparenting-christmaspresents-activity-6875193665199976448-o9z2?utm_source=share&utm_medium=member_desktop,2yr,2021-12-10 22:05,https://www.linkedin.com/in/qualman/
https://www.linkedin.com/posts/qualman_catbreastfeeding-hairlesscat-businesstravel-activity-6875132090900471808-gvJj?utm_source=share&utm_medium=member_desktop,2yr,2021-12-10 18:00,https://www.linkedin.com/in/qualman/
https://www.linkedin.com/posts/qualman_lions-activity-6874902884866228224-tWMO?utm_source=share&utm_medium=member_desktop,2yr,2021-12-10 02:49,https://www.linkedin.com/in/qualman/
https://www.linkedin.com/posts/qualman_hero-dadlove-michigan-activity-6874316770317090816-3mW6?utm_source=share&utm_medium=member_desktop,2yr,2021-12-08 12:00,https://www.linkedin.com/in/qualman/
https://www.linkedin.com/posts/qualman_pearlharbor-remembrance-veterans-activity-6874135450764750848-P-UT?utm_source=share&utm_medium=member_desktop,2yr,2021-12-08 00:00,https://www.linkedin.com/in/qualman/
https://www.linkedin.com/posts/qualman_openmind-growthmindset-wonder-activity-6873591981705195520-Fy9Z?utm_source=share&utm_medium=member_desktop,2yr,2021-12-06 12:00,https://www.linkedin.com/in/qualman/
https://www.linkedin.com/posts/qualman_jinglebells-christmas-funny-activity-6873105114920574976-yLbO?utm_source=share&utm_medium=member_desktop,2yr,2021-12-05 03:45,https://www.linkedin.com/in/qualman/
https://www.linkedin.com/posts/qualman_leadwithinfluence-theinfluencerseries-activity-6872668454399438848-jn30?utm_source=share&utm_medium=member_desktop,2yr,2021-12-03 22:50,https://www.linkedin.com/in/qualman/
https://www.linkedin.com/posts/qualman_wine-jokes-lol-activity-6871477967734800384-W8YG?utm_source=share&utm_medium=member_desktop,2yr,2021-11-30 16:00,https://www.linkedin.com/in/qualman/
https://www.linkedin.com/posts/qualman_announcing-an-all-new-training-from-erik-activity-6871169964443877376-X8n0?utm_source=share&utm_medium=member_desktop,2yr,2021-11-29 19:36,https://www.linkedin.com/in/qualman/
https://www.linkedin.com/posts/qualman_thanksgiving-vegetables-healthyeating-activity-6870330401592877056-0Cdd?utm_source=share&utm_medium=member_desktop,2yr,2021-11-27 12:00,https://www.linkedin.com/in/qualman/
https://www.linkedin.com/posts/qualman_funny-lifehack-joke-activity-6868880838780698624-iS18?utm_source=share&utm_medium=member_desktop,2yr,2021-11-23 12:00,https://www.linkedin.com/in/qualman/
https://www.linkedin.com/posts/qualman_livelifenow-lifechoices-quotes-activity-6868518634579484673-WGTz?utm_source=share&utm_medium=member_desktop,2yr,2021-11-22 12:00,https://www.linkedin.com/in/qualman/
https://www.linkedin.com/posts/qualman_timetraveler-mystery-technology-activity-6867793778091159552-lzPD?utm_source=share&utm_medium=member_desktop,2yr,2021-11-20 12:00,https://www.linkedin.com/in/qualman/
https://www.linkedin.com/posts/qualman_pride-gay-lgbt-activity-6867216280706019328-XHgh?utm_source=share&utm_medium=member_desktop,2yr,2021-11-18 21:45,https://www.linkedin.com/in/qualman/
https://www.linkedin.com/posts/qualman_gratitude-happiness-thankful-activity-6866706514200158208-pGrh?utm_source=share&utm_medium=member_desktop,2yr,2021-11-17 12:00,https://www.linkedin.com/in/qualman/
https://www.linkedin.com/posts/qualman_timetraveler-mystery-socialmedia-activity-6866419709328400384-8nKN?utm_source=share&utm_medium=member_desktop,2yr,2021-11-16 17:00,https://www.linkedin.com/in/qualman/
https://www.linkedin.com/posts/qualman_a-big-thank-you-to-my-living-heroes-and-veterans-activity-6864668100315484160-A_jj?utm_source=share&utm_medium=member_desktop,2yr,2021-11-11 21:00,https://www.linkedin.com/in/qualman/
https://www.linkedin.com/posts/qualman_thefutureisnow-technology-drone-activity-6864154788163141632-3Fer?utm_source=share&utm_medium=member_desktop,2yr,2021-11-10 11:00,https://www.linkedin.com/in/qualman/
https://www.linkedin.com/posts/qualman_timetraveler-teenager-iphone-activity-6863861857548165120-yT8K?utm_source=share&utm_medium=member_desktop,2yr,2021-11-09 15:36,https://www.linkedin.com/in/qualman/
https://www.linkedin.com/posts/qualman_funfacts-socialmedia-technology-activity-6862690068402966528-AtO8?utm_source=share&utm_medium=member_desktop,2yr,2021-11-06 10:00,https://www.linkedin.com/in/qualman/
https://www.linkedin.com/posts/qualman_comics-equalmancomic-funny-activity-6862327734920716288-T8ZM?utm_source=share&utm_medium=member_desktop,2yr,2021-11-05 10:00,https://www.linkedin.com/in/qualman/
https://www.linkedin.com/posts/qualman_scarymovies-jumpscare-peanuts-activity-6860168505879339008-Y66Z?utm_source=share&utm_medium=member_desktop,2yr,2021-10-30 11:00,https://www.linkedin.com/in/qualman/
https://www.linkedin.com/posts/qualman_halloween-trickortreat-boo-activity-6859806083872100352-kcZm?utm_source=share&utm_medium=member_desktop,2yr,2021-10-29 11:00,https://www.linkedin.com/in/qualman/
https://www.linkedin.com/posts/qualman_halloween-imabeliever-greatpumpkin-activity-6859443724397760512-Xjou?utm_source=share&utm_medium=member_desktop,2yr,2021-10-28 11:00,https://www.linkedin.com/in/qualman/
https://www.linkedin.com/posts/qualman_dadjokes-funny-halloween-activity-6859236072296185856-YxWJ?utm_source=share&utm_medium=member_desktop,2yr,2021-10-27 21:15,https://www.linkedin.com/in/qualman/
https://www.linkedin.com/posts/qualman_halloween-sweetorsavory-thisorthat-activity-6859081428236402688-xDGa?utm_source=share&utm_medium=member_desktop,2yr,2021-10-27 11:00,https://www.linkedin.com/in/qualman/
https://www.linkedin.com/posts/qualman_halloween-jackolantern-boo-activity-6858718876792958976-_RWr?utm_source=share&utm_medium=member_desktop,2yr,2021-10-26 11:00,https://www.linkedin.com/in/qualman/
https://www.linkedin.com/posts/qualman_digitalleader-digital-leadership-activity-6858718848359759873-R3fg?utm_source=share&utm_medium=member_desktop,2yr,2021-10-26 11:00,https://www.linkedin.com/in/qualman/
https://www.linkedin.com/posts/qualman_rushhour-questionoftheday-traffic-activity-6858356552039043072-0AW3?utm_source=share&utm_medium=member_desktop,2yr,2021-10-25 11:00,https://www.linkedin.com/in/qualman/
https://www.linkedin.com/posts/qualman_spookyseason-halloween-activity-6856907025385975808-muTh?utm_source=share&utm_medium=member_desktop,2yr,2021-10-21 11:00,https://www.linkedin.com/in/qualman/
https://www.linkedin.com/posts/qualman_healthyeating-donutworry-food-activity-6856544606121787392-m4iU?utm_source=share&utm_medium=member_desktop,2yr,2021-10-20 11:00,https://www.linkedin.com/in/qualman/
https://www.linkedin.com/posts/qualman_funnyquotes-give100-positivity-activity-6856182312040849408-2Bms?utm_source=share&utm_medium=member_desktop,2yr,2021-10-19 11:00,https://www.linkedin.com/in/qualman/
https://www.linkedin.com/posts/qualman_who-do-you-think-will-win-the-space-race-activity-6854170517558059009-J9s8?utm_source=share&utm_medium=member_desktop,2yr,2021-10-13 21:46,https://www.linkedin.com/in/qualman/
https://www.linkedin.com/posts/qualman_screenagers-screen-time-addiction-activity-6853789544798650368-5xg9?utm_source=share&utm_medium=member_desktop,2yr,2021-10-12 20:32,https://www.linkedin.com/in/qualman/
https://www.linkedin.com/posts/qualman_tiktokviral-trends2021-digitalleadership-activity-6853780799586758656-8HSF?utm_source=share&utm_medium=member_desktop,2yr,2021-10-12 19:57,https://www.linkedin.com/in/qualman/
https://www.linkedin.com/posts/qualman_empowercx2021-empowercx-innovationbydesign-activity-6852322633531314176-GexW?utm_source=share&utm_medium=member_desktop,2yr,2021-10-08 19:23,https://www.linkedin.com/in/qualman/
https://www.linkedin.com/posts/qualman_httpsbitly3zrgg3p-activity-6851194431916404736-hWNh?utm_source=share&utm_medium=member_desktop,2yr,2021-10-05 16:40,https://www.linkedin.com/in/qualman/
https://www.linkedin.com/posts/qualman_wealth-money-marriagegoals-activity-6839626021336158208-7zr7?utm_source=share&utm_medium=member_desktop,2yr,2021-09-03 18:31,https://www.linkedin.com/in/qualman/
https://www.linkedin.com/posts/qualman_everybody-pulls-the-tarp-on-apple-podcasts-activity-6838105714595127296-itVF?utm_source=share&utm_medium=member_desktop,2yr,2021-08-30 13:50,https://www.linkedin.com/in/qualman/
https://www.linkedin.com/posts/qualman_bread-creativemarketing-digitalleadership-activity-6835933785478049792-5orZ?utm_source=share&utm_medium=member_desktop,2yr,2021-08-24 14:00,https://www.linkedin.com/in/qualman/
https://www.linkedin.com/posts/qualman_iwitsummit-empower-inspire-activity-6834516819596984320-vFRQ?utm_source=share&utm_medium=member_desktop,2yr,2021-08-20 16:09,https://www.linkedin.com/in/qualman/
https://www.linkedin.com/posts/qualman_awareness-focus-mindfulness-activity-6833755123097989120-xfIl?utm_source=share&utm_medium=member_desktop,2yr,2021-08-18 13:43,https://www.linkedin.com/in/qualman/
https://www.linkedin.com/posts/qualman_austin-could-become-the-most-expensive-city-activity-6833523653775372288-xN7W?utm_source=share&utm_medium=member_desktop,2yr,2021-08-17 22:23,https://www.linkedin.com/in/qualman/
https://www.linkedin.com/posts/qualman_sherweb-sherwebaccelerate-sherwebaccelerate2021-activity-6828072779712225280-YXe1?utm_source=share&utm_medium=member_desktop,2yr,2021-08-02 21:23,https://www.linkedin.com/in/qualman/
https://www.linkedin.com/posts/qualman_historychannel-activity-6824382779191623680-5vFe?utm_source=share&utm_medium=member_desktop,2yr,2021-07-23 17:00,https://www.linkedin.com/in/qualman/
https://www.linkedin.com/posts/qualman_netflix-disney-equalmancomics-activity-6823597822114443265-xu5X?utm_source=share&utm_medium=member_desktop,2yr,2021-07-21 13:01,https://www.linkedin.com/in/qualman/
https://www.linkedin.com/posts/qualman_wfh-remoteworking-equalmancomics-activity-6823250492165103616-8OvT?utm_source=share&utm_medium=member_desktop,2yr,2021-07-20 14:01,https://www.linkedin.com/in/qualman/
https://www.linkedin.com/posts/qualman_johndeere-tesla-historychannel-activity-6821889602127847424-u5A_?utm_source=share&utm_medium=member_desktop,2yr,2021-07-16 19:53,https://www.linkedin.com/in/qualman/
https://www.linkedin.com/posts/qualman_bitcoin-cryptocurrency-equalmancomic-activity-6821831128538853376-GOT3?utm_source=share&utm_medium=member_desktop,2yr,2021-07-16 16:01,https://www.linkedin.com/in/qualman/
https://www.linkedin.com/posts/qualman_equalmancomics-comics-worklife-activity-6818529714005770241-Jw8u?utm_source=share&utm_medium=member_desktop,2yr,2021-07-07 13:22,https://www.linkedin.com/in/qualman/
https://www.linkedin.com/posts/qualman_equalmancomic-comics-positivity-activity-6818294504924282880-QeHy?utm_source=share&utm_medium=member_desktop,2yr,2021-07-06 21:48,https://www.linkedin.com/in/qualman/
https://www.linkedin.com/posts/qualman_equalmancomic-comics-love-activity-6815625160947826688-ebuW?utm_source=share&utm_medium=member_desktop,2yr,2021-06-29 13:01,https://www.linkedin.com/in/qualman/
https://www.linkedin.com/posts/qualman_pride-loveislove-pride-activity-6815335934209462272-mqGP?utm_source=share&utm_medium=member_desktop,2yr,2021-06-28 17:51,https://www.linkedin.com/in/qualman/
https://www.linkedin.com/posts/qualman_equalmancomic-comics-awkward-activity-6814900225237483520-Cab7?utm_source=share&utm_medium=member_desktop,2yr,2021-06-27 13:00,https://www.linkedin.com/in/qualman/
https://www.linkedin.com/posts/qualman_equalmancomic-comics-positivity-activity-6814718945422118912-woJN?utm_source=share&utm_medium=member_desktop,2yr,2021-06-27 01:00,https://www.linkedin.com/in/qualman/
https://www.linkedin.com/posts/qualman_franchisespeakers-nationalsunglassesday-franchise-activity-6814308360683446272-IIDa?utm_source=share&utm_medium=member_desktop,2yr,2021-06-25 21:48,https://www.linkedin.com/in/qualman/
https://www.linkedin.com/posts/qualman_facetime-equalmancomics-lovedones-activity-6814192595267395584-OVxQ?utm_source=share&utm_medium=member_desktop,2yr,2021-06-25 14:08,https://www.linkedin.com/in/qualman/
https://www.linkedin.com/posts/qualman_equalmancomic-love-familytime-activity-6813495980428722176-RgMS?utm_source=share&utm_medium=member_desktop,3yr,2021-06-23 16:00,https://www.linkedin.com/in/qualman/
https://www.linkedin.com/posts/qualman_chipshortage-equalmancomic-activity-6812733382435467264-KXib?utm_source=share&utm_medium=member_desktop,3yr,2021-06-21 13:30,https://www.linkedin.com/in/qualman/
https://www.linkedin.com/posts/qualman_equalmancomic-summer-weekendvibes-activity-6811674309296320514-bS5g?utm_source=share&utm_medium=member_desktop,3yr,2021-06-18 15:21,https://www.linkedin.com/in/qualman/
https://www.linkedin.com/posts/qualman_millenials-genz-genx-activity-6811276450545725440-BD37?utm_source=share&utm_medium=member_desktop,3yr,2021-06-17 13:00,https://www.linkedin.com/in/qualman/
https://www.linkedin.com/posts/qualman_bitcoin-bitcoin-cryptocurrency-activity-6808835931584516096-Vrjz?utm_source=share&utm_medium=member_desktop,3yr,2021-06-10 19:23,https://www.linkedin.com/in/qualman/
https://www.linkedin.com/posts/qualman_screenagers-screen-time-addiction-activity-6808081271395381248-X2Mb?utm_source=share&utm_medium=member_desktop,3yr,2021-06-08 17:24,https://www.linkedin.com/in/qualman/
https://www.linkedin.com/posts/qualman_i-was-relaxing-too-hard-does-anyone-have-activity-6805193682220912640-Ymur?utm_source=share&utm_medium=member_desktop,3yr,2021-05-31 18:10,https://www.linkedin.com/in/qualman/
https://www.linkedin.com/posts/qualman_another-counterintuitive-insight-i-discovered-activity-6800245851915743232-C8jc?utm_source=share&utm_medium=member_desktop,3yr,2021-05-18 02:29,https://www.linkedin.com/in/qualman/
https://www.linkedin.com/posts/qualman_7-essential-steps-to-an-amazing-personal-activity-6797967227133018112-vjs7?utm_source=share&utm_medium=member_desktop,3yr,2021-05-11 19:34,https://www.linkedin.com/in/qualman/
https://www.linkedin.com/posts/qualman_funnysocks-mompower-mothersday-activity-6797889426753114112-4gds?utm_source=share&utm_medium=member_desktop,3yr,2021-05-11 14:25,https://www.linkedin.com/in/qualman/
https://www.linkedin.com/posts/qualman_mothersday-powermoms-businessmoms-activity-6796870798406762496-VU0K?utm_source=share&utm_medium=member_desktop,3yr,2021-05-08 18:57,https://www.linkedin.com/in/qualman/
https://www.linkedin.com/posts/qualman_starwarsday-maythe4thbewithyou-jedifocus-activity-6795338437210861568-X9Fu?utm_source=share&utm_medium=member_desktop,3yr,2021-05-04 13:28,https://www.linkedin.com/in/qualman/
https://www.linkedin.com/posts/qualman_diversity-grit-innovation-activity-6794101800598417408-z4gb?utm_source=share&utm_medium=member_desktop,3yr,2021-05-01 03:34,https://www.linkedin.com/in/qualman/
https://www.linkedin.com/posts/qualman_connect2021-innovation-digitalleadership-activity-6787372688764751872-lf6x?utm_source=share&utm_medium=member_desktop,3yr,2021-04-12 13:55,https://www.linkedin.com/in/qualman/
https://www.linkedin.com/posts/qualman_connect2021-activity-6785559808515956736-4YAk?utm_source=share&utm_medium=member_desktop,3yr,2021-04-07 13:52,https://www.linkedin.com/in/qualman/
https://www.linkedin.com/posts/qualman_recapping-the-return-of-bazaarvoice-world-activity-6782331357591945216-ReDy?utm_source=share&utm_medium=member_desktop,3yr,2021-03-29 16:03,https://www.linkedin.com/in/qualman/
https://www.linkedin.com/posts/qualman_focus-adhd-freegift-activity-6776591863643283456-DCSE?utm_source=share&utm_medium=member_desktop,3yr,2021-03-13 19:56,https://www.linkedin.com/in/qualman/
https://www.linkedin.com/posts/qualman_the-molecule-will-become-the-new-microchip-activity-6774029568429973504-wAsQ?utm_source=share&utm_medium=member_desktop,3yr,2021-03-06 18:15,https://www.linkedin.com/in/qualman/
https://www.linkedin.com/posts/qualman_it-is-appreciated-when-weddings-and-wifi-activity-6774003186681413632-HEIl?utm_source=share&utm_medium=member_desktop,3yr,2021-03-06 16:30,https://www.linkedin.com/in/qualman/
https://www.linkedin.com/posts/qualman_calling-everyone-in-the-retail-industry-activity-6772562563197730817-rJBK?utm_source=share&utm_medium=member_desktop,3yr,2021-03-02 17:05,https://www.linkedin.com/in/qualman/
https://www.linkedin.com/posts/qualman_msu-spartans-michiganstate-activity-6771414513339260928-ZDB6?utm_source=share&utm_medium=member_desktop,3yr,2021-02-27 13:03,https://www.linkedin.com/in/qualman/
https://www.linkedin.com/posts/qualman_retail-is-evolving-at-warp-speed-are-you-activity-6767466379273666560-4lgB?utm_source=share&utm_medium=member_desktop,3yr,2021-02-16 15:35,https://www.linkedin.com/in/qualman/
https://www.linkedin.com/posts/qualman_austin-activity-6766882754677358592-Nqkw?utm_source=share&utm_medium=member_desktop,3yr,2021-02-15 00:56,https://www.linkedin.com/in/qualman/
https://www.linkedin.com/posts/qualman_nationalroastday-activity-6765985548319502336-JXLU?utm_source=share&utm_medium=member_desktop,3yr,2021-02-12 13:31,https://www.linkedin.com/in/qualman/
https://www.linkedin.com/posts/qualman_texas-lawyer-trapped-by-cat-filter-on-zoom-activity-6765623107626639360-Cke-?utm_source=share&utm_medium=member_desktop,3yr,2021-02-11 13:30,https://www.linkedin.com/in/qualman/
https://www.linkedin.com/posts/qualman_activity-6765352852828377088-z29q?utm_source=share&utm_medium=member_desktop,3yr,2021-02-10 19:36,https://www.linkedin.com/in/qualman/
https://www.linkedin.com/posts/qualman_being-at-the-right-place-at-the-right-time-activity-6765300354381950976-0gAa?utm_source=share&utm_medium=member_desktop,3yr,2021-02-10 16:08,https://www.linkedin.com/in/qualman/
https://www.linkedin.com/posts/qualman_hopefully-we-can-all-learn-from-steve-jobs-activity-6765043676004655104-eZ-9?utm_source=share&utm_medium=member_desktop,3yr,2021-02-09 23:08,https://www.linkedin.com/in/qualman/
https://www.linkedin.com/posts/qualman_bill-belichick-realizing-that-tom-brady-was-activity-6759551348548759552-vKFG?utm_source=share&utm_medium=member_desktop,3yr,2021-01-25 19:23,https://www.linkedin.com/in/qualman/
https://www.linkedin.com/posts/qualman_it-wasnt-all-bad-news-in-2020-as-this-young-activity-6752958718784208896-ytBI?utm_source=share&utm_medium=member_desktop,3yr,2021-01-07 14:47,https://www.linkedin.com/in/qualman/
https://www.linkedin.com/posts/qualman_tis-the-season-of-giving-and-after-a-challenging-activity-6742894412688441344-tPYK?utm_source=share&utm_medium=member_desktop,3yr,2020-12-10 20:15,https://www.linkedin.com/in/qualman/
https://www.linkedin.com/posts/qualman_we-all-have-moments-where-we-feel-uninspired-activity-6742174079119437824-LJHI?utm_source=share&utm_medium=member_desktop,3yr,2020-12-08 20:32,https://www.linkedin.com/in/qualman/
https://www.linkedin.com/posts/qualman_register-today-httpsbitly2jbuboa-join-activity-6742162500382531584-RumV?utm_source=share&utm_medium=member_desktop,3yr,2020-12-08 19:46,https://www.linkedin.com/in/qualman/
https://www.linkedin.com/posts/qualman_satan-commercial-match-activity-6740351095782170624-DsGj?utm_source=share&utm_medium=member_desktop,3yr,2020-12-03 19:48,https://www.linkedin.com/in/qualman/
https://www.linkedin.com/posts/qualman_keynote-speaker-critical-leadership-for-activity-6739028842419253248-Y6rE?utm_source=share&utm_medium=member_desktop,3yr,2020-11-30 04:14,https://www.linkedin.com/in/qualman/
https://www.linkedin.com/posts/qualman_corona-covid-activity-6736664195766472704-z-AY?utm_source=share&utm_medium=member_desktop,3yr,2020-11-23 15:38,https://www.linkedin.com/in/qualman/
https://www.linkedin.com/posts/qualman_lifehacks-leadership-rulesforlife-activity-6735220606503129089-Zbxm?utm_source=share&utm_medium=member_desktop,3yr,2020-11-19 16:02,https://www.linkedin.com/in/qualman/
https://www.linkedin.com/posts/qualman_electionresults-2020election-votingpolls-activity-6730516640389300224-8pfw?utm_source=share&utm_medium=member_desktop,3yr,2020-11-06 16:30,https://www.linkedin.com/in/qualman/
https://www.linkedin.com/posts/qualman_focusing-activity-6727205585571450880-zMW9?utm_source=share&utm_medium=member_desktop,3yr,2020-10-28 13:13,https://www.linkedin.com/in/qualman/
https://www.linkedin.com/posts/qualman_focusonwhatmatters-businesspodcast-focused-activity-6722113256439345152-pk1l?utm_source=share&utm_medium=member_desktop,3yr,2020-10-14 11:58,https://www.linkedin.com/in/qualman/
https://www.linkedin.com/posts/qualman_digitalmarketing-influencermarketing-podcast-activity-6721808203933335553-7Avf?utm_source=share&utm_medium=member_desktop,3yr,2020-10-13 15:46,https://www.linkedin.com/in/qualman/
https://www.linkedin.com/posts/qualman_the-focus-project-the-not-so-simple-art-activity-6721804669854732289-5xaU?utm_source=share&utm_medium=member_desktop,3yr,2020-10-13 15:31,https://www.linkedin.com/in/qualman/
https://www.linkedin.com/posts/qualman_primeday-primeday-amazonprimeday-activity-6721790802504364032-eduB?utm_source=share&utm_medium=member_desktop,3yr,2020-10-13 14:36,https://www.linkedin.com/in/qualman/
https://www.linkedin.com/posts/qualman_itimpact-virtually-activity-6720370068556918784-z9ny?utm_source=share&utm_medium=member_desktop,3yr,2020-10-09 16:31,https://www.linkedin.com/in/qualman/
https://www.linkedin.com/posts/qualman_itimpackt-activity-6717068657815621632-xe4j?utm_source=share&utm_medium=member_desktop,3yr,2020-09-30 13:52,https://www.linkedin.com/in/qualman/
https://www.linkedin.com/posts/qualman_coffee-nationalcoffeeday-activity-6716830844943769601-EYO0?utm_source=share&utm_medium=member_desktop,3yr,2020-09-29 22:07,https://www.linkedin.com/in/qualman/
https://www.linkedin.com/posts/qualman_i-met-erik-qualman-or-perhaps-i-should-say-activity-6711262371056373760-TJxr?utm_source=share&utm_medium=member_desktop,3yr,2020-09-14 13:20,https://www.linkedin.com/in/qualman/
https://www.linkedin.com/posts/qualman_do-you-struggle-with-staying-focused-my-activity-6706981108191498240-zK_y?utm_source=share&utm_medium=member_desktop,3yr,2020-09-02 17:48,https://www.linkedin.com/in/qualman/
https://www.linkedin.com/posts/qualman_184-the-focus-project-with-erik-qualman-activity-6706175113668231168-6PZ1?utm_source=share&utm_medium=member_desktop,3yr,2020-08-31 12:25,https://www.linkedin.com/in/qualman/
https://www.linkedin.com/posts/qualman_focus-activity-6705152238148558848-Vszg?utm_source=share&utm_medium=member_desktop,3yr,2020-08-28 16:41,https://www.linkedin.com/in/qualman/
https://www.linkedin.com/posts/qualman_ballogy-nbpa-team-up-to-offer-youth-athletes-activity-6704733720731107328-pBHX?utm_source=share&utm_medium=member_desktop,3yr,2020-08-27 12:58,https://www.linkedin.com/in/qualman/
https://www.linkedin.com/posts/qualman_focus-quarantine-thefocusproject-activity-6700127516113420288-ds0U?utm_source=share&utm_medium=member_desktop,3yr,2020-08-14 19:54,https://www.linkedin.com/in/qualman/
https://www.linkedin.com/posts/qualman_focus-selfempowerment-quarantine-activity-6694569165774307328-hqGP?utm_source=share&utm_medium=member_desktop,3yr,2020-07-30 11:47,https://www.linkedin.com/in/qualman/
https://www.linkedin.com/posts/qualman_focus-stressrelief-selfempowerment-activity-6693900504558399488-XM6l?utm_source=share&utm_medium=member_desktop,3yr,2020-07-28 15:30,https://www.linkedin.com/in/qualman/
https://www.linkedin.com/posts/qualman_coronaviruscases-coronavirusstats-activity-6693517955713646592-4pQQ?utm_source=share&utm_medium=member_desktop,3yr,2020-07-27 14:10,https://www.linkedin.com/in/qualman/
https://www.linkedin.com/posts/qualman_coronaviruscasesunitedstates-coronavirusstatsus-activity-6686365068738863104-AUuP?utm_source=share&utm_medium=member_desktop,3yr,2020-07-07 20:27,https://www.linkedin.com/in/qualman/
https://www.linkedin.com/posts/qualman_coronaviruscasesunitedstates-coronavirusstatsus-activity-6683732855807373312-eOSw?utm_source=share&utm_medium=member_desktop,3yr,2020-06-30 14:08,https://www.linkedin.com/in/qualman/
https://www.linkedin.com/posts/qualman_spartan-msu-gogreen-activity-6683434867658678272-9cWW?utm_source=share&utm_medium=member_desktop,3yr,2020-06-29 18:24,https://www.linkedin.com/in/qualman/
https://www.linkedin.com/posts/qualman_coronaviruscases-coronavirusstats-activity-6683380962295992322-S83o?utm_source=share&utm_medium=member_desktop,3yr,2020-06-29 14:49,https://www.linkedin.com/in/qualman/
https://www.linkedin.com/posts/qualman_coronaviruscases-coronavirusstats-activity-6683380578341015552-lwUo?utm_source=share&utm_medium=member_desktop,3yr,2020-06-29 14:48,https://www.linkedin.com/in/qualman/
